category,name,price,url,image_url
Motherboard,MSI PRO B860M-B,17980,https://shop.tsukumo.co.jp/goods/4711377386784/,https://cdn.tsukumo.co.jp/image/item/4711377386784_1.jpg
Motherboard,MSI B850MPOWER,42980,https://shop.tsukumo.co.jp/goods/4711377393508/,https://cdn.tsukumo.co.jp/image/item/4711377393508_1.jpg
Case,MSI MAG FORGE 130A AIRFLOW,4858,https://shop.tsukumo.co.jp/goods/4711377317276/,https://cdn.tsukumo.co.jp/image/item/4711377317276_1.jpg
Motherboard,MSI 背面コネクタ対応,19980,https://shop.tsukumo.co.jp/goods/4711377293174/,https://cdn.tsukumo.co.jp/image/item/4711377293174_1.jpg
Motherboard,MSI MAG X870 TOMAHAWK WIFI,35310,https://shop.tsukumo.co.jp/goods/4526541055409/,https://cdn.tsukumo.co.jp/image/item/4526541055409_1.jpg
Motherboard,MSI 背面コネクタ対応,19980,https://shop.tsukumo.co.jp/goods/4711377231565/,https://cdn.tsukumo.co.jp/image/item/4711377231565_1.jpg
Motherboard,MSI 背面コネクタ対応,19980,https://shop.tsukumo.co.jp/goods/4711377293167/,https://cdn.tsukumo.co.jp/image/item/4711377293167_1.jpg
Case,MSI MAG FORGE 320R AIRFLOW WHITE,11973,https://shop.tsukumo.co.jp/goods/4526541051296/,https://cdn.tsukumo.co.jp/image/item/4526541051296_1.jpg
Cooler,MSI MAG COREFROZR AA13,3930,https://shop.tsukumo.co.jp/goods/4711377345743/,https://cdn.tsukumo.co.jp/image/item/4711377345743_1.jpg
Case,MSI MPG GUNGNIR 110R WHITE,14796,https://shop.tsukumo.co.jp/goods/4526541040368/,https://cdn.tsukumo.co.jp/image/item/4526541040368_1.jpg
Motherboard,MSI 背面コネクタ対応,13127,https://shop.tsukumo.co.jp/goods/4526541048098/,https://cdn.tsukumo.co.jp/image/item/4526541048098_1.jpg
Motherboard,MSI MPG X870E CARBON WIFI,59373,https://shop.tsukumo.co.jp/goods/4526541055102/,https://cdn.tsukumo.co.jp/image/item/4526541055102_1.jpg
Case,MSI MPG GUNGNIR 300R AIRFLOW WHITE,17980,https://shop.tsukumo.co.jp/goods/4526541046261/,https://cdn.tsukumo.co.jp/image/item/4526541046261_1.jpg
Monitor,MSI MAG 32C6X 31.5インチ フルHD ゲーミングモニター 250Hz 1ms 湾曲VAパネル,30800,https://shop.tsukumo.co.jp/goods/0406621598016/,https://cdn.tsukumo.co.jp/image/item/0406621598016_1.jpg
Motherboard,MSI MAG X870E TOMAHAWK WIFI,42543,https://shop.tsukumo.co.jp/goods/4711377291927/,https://cdn.tsukumo.co.jp/image/item/4711377291927_1.jpg
Case,MSI MEG PROSPECT 700R,58621,https://shop.tsukumo.co.jp/goods/4526541041556/,https://cdn.tsukumo.co.jp/image/item/4526541041556_1.jpg
Motherboard,MSI MAG Z890 TOMAHAWK WIFI,38540,https://shop.tsukumo.co.jp/goods/4526541055560/,https://cdn.tsukumo.co.jp/image/item/4526541055560_1.jpg
Motherboard,MSI PRO H810I WIFI,24979,https://shop.tsukumo.co.jp/goods/4711377365277/,https://cdn.tsukumo.co.jp/image/item/4711377365277_1.jpg
Monitor,MSI MPG 341CQPX QD-OLED 34.18インチ ウルトラワイド(3440x1440) QD OLED ゲーミングモニター 240Hz 0.03ms 1800R湾曲パネル,148000,https://shop.tsukumo.co.jp/goods/0406621678015/,https://cdn.tsukumo.co.jp/image/item/0406621678015_1.jpg
Monitor,MSI PRO MP275QPDG 27インチ WQHD(2560ｘ1440) モニター 100Hz IPSパネル Webカメラ搭載,33800,https://shop.tsukumo.co.jp/goods/0406622044017/,https://cdn.tsukumo.co.jp/image/item/0406622044017_1.jpg
Monitor,MSI MAG 274UPDF E16M 27インチ 4K ゲーミングモニター 160Hz 0.5ms(GTG) RapidIPS 1152ゾーンminiLED 量子ドット,83600,https://shop.tsukumo.co.jp/goods/0406622170013/,https://cdn.tsukumo.co.jp/image/item/0406622170013_1.jpg
Motherboard,MSI MPG X870E EDGE TI WIFI,45513,https://shop.tsukumo.co.jp/goods/4711377290630/,https://cdn.tsukumo.co.jp/image/item/4711377290630_1.jpg
Motherboard,MSI B850 GAMING PLUS WIFI6E,19575,https://shop.tsukumo.co.jp/goods/4711377365321/,https://cdn.tsukumo.co.jp/image/item/4711377365321_1.jpg
Graphics Card,MSI GeForce RTX 5070 12G INSPIRE 3X OC,109700,https://shop.tsukumo.co.jp/goods/4711377308151/,https://cdn.tsukumo.co.jp/image/item/4711377308151_1.jpg
Motherboard,MSI B850 GAMING PLUS WIFI,26980,https://shop.tsukumo.co.jp/goods/4711377285438/,https://cdn.tsukumo.co.jp/image/item/4711377285438_1.jpg
Notebook,MSI ゲーミングノート Stealth-A16-AI+A3HWHG-6459JP [16型 /Ryzen AI 7 350 /RTX5070Ti /RAM:32GB /SSD:1TB /WQXGA (240Hz) 有機EL /Windows 11 Pro /コアブラック],359800,https://shop.tsukumo.co.jp/goods/0409090132019/,https://cdn.tsukumo.co.jp/image/item/0409090132019_1.jpg
Motherboard,MSI MAG B850M MORTAR WIFI,38710,https://shop.tsukumo.co.jp/goods/4711377321150/,https://cdn.tsukumo.co.jp/image/item/4711377321150_1.jpg
Monitor,MSI MPG 321URX QD-OLED 31.5インチ 4K ゲーミングモニター 240Hz 0.03ms,127000,https://shop.tsukumo.co.jp/goods/0406621337011/,https://cdn.tsukumo.co.jp/image/item/0406621337011_1.jpg
Monitor,MSI Modern MD342CQPW 34インチ ウルトラワイドモニター(3440ｘ1440) 120Hz 1500R 湾曲VAパネル,62599,https://shop.tsukumo.co.jp/goods/0406621774014/,https://cdn.tsukumo.co.jp/image/item/0406621774014_1.jpg
Motherboard,MSI B860 GAMING PLUS WIFI,23980,https://shop.tsukumo.co.jp/goods/4711377289764/,https://cdn.tsukumo.co.jp/image/item/4711377289764_1.jpg
Monitor,MSI Cyborg-14-A13UDX-4149JP　[ 14型 / WUXGA (144Hz) / i7-13620H / RTX3050 / RAM:16GB / SSD:512GB / Windows 11 Home / ブラック&スケルトン ],152799,https://shop.tsukumo.co.jp/goods/0406657125019/,https://cdn.tsukumo.co.jp/image/item/0406657125019_1.jpg
Monitor,MSI MPG 271QR QD-OLED X50 26.5インチ WQHD(2560x1440)ゲーミングモニター QD-OLED 500Hz 0.03ms(GTG),174799,https://shop.tsukumo.co.jp/goods/0406622432012/,https://cdn.tsukumo.co.jp/image/item/0406622432012_1.jpg
PSU,MSI MAG A850GL PCIE5,13718,https://shop.tsukumo.co.jp/goods/4526541045950/,https://cdn.tsukumo.co.jp/image/item/4526541045950_1.jpg
Graphics Card,MSI GeForce RTX 3050 LP 6G OC,28894,https://shop.tsukumo.co.jp/goods/0824142348697/,https://cdn.tsukumo.co.jp/image/item/0824142348697_1.jpg
Motherboard,MSI MAG B850 TOMAHAWK MAX WIFI,34980,https://shop.tsukumo.co.jp/goods/4711377290623/,https://cdn.tsukumo.co.jp/image/item/4711377290623_1.jpg
Motherboard,MSI B860M GAMING PLUS WIFI,22980,https://shop.tsukumo.co.jp/goods/4711377286558/,https://cdn.tsukumo.co.jp/image/item/4711377286558_1.jpg
Motherboard,MSI MPG Z890 CARBON WIFI,64452,https://shop.tsukumo.co.jp/goods/4526541055645/,https://cdn.tsukumo.co.jp/image/item/4526541055645_1.jpg
Peripheral,MSI FORGE GK320 RED JP 有線 日本語配列 フルキー メカニカル ゲーミングキーボード,5073,https://shop.tsukumo.co.jp/goods/0824142412466/,https://cdn.tsukumo.co.jp/image/item/0824142412466_1.jpg
Motherboard,MSI PRO B850-P WIFI,31350,https://shop.tsukumo.co.jp/goods/4711377286046/,https://cdn.tsukumo.co.jp/image/item/4711377286046_1.jpg
PSU,MSI MAG A750GL PCIE5,12480,https://shop.tsukumo.co.jp/goods/4526541045967/,https://cdn.tsukumo.co.jp/image/item/4526541045967_1.jpg
Monitor,MSI MAG 274QPF X30MV 27インチ WQHD(QHD) 2560x1440 ゲーミングモニター 300Hz 0.5ms(GTG) RapidVA miniLED DisplayHDR1000,56800,https://shop.tsukumo.co.jp/goods/0406622298014/,https://cdn.tsukumo.co.jp/image/item/0406622298014_1.jpg
Motherboard,MSI B850M GAMING PLUS WIFI6E,18480,https://shop.tsukumo.co.jp/goods/4711377365345/,https://cdn.tsukumo.co.jp/image/item/4711377365345_1.jpg
Motherboard,MSI MPG B850I EDGE TI WIFI,50980,https://shop.tsukumo.co.jp/goods/4711377360906/,https://cdn.tsukumo.co.jp/image/item/4711377360906_1.jpg
Cooler,MSI MEG SILENT GALE P12,2313,https://shop.tsukumo.co.jp/goods/4526541038747/,https://cdn.tsukumo.co.jp/image/item/4526541038747_1.jpg
Motherboard,MSI MAG B860 TOMAHAWK WIFI,28546,https://shop.tsukumo.co.jp/goods/4711377279642/,https://cdn.tsukumo.co.jp/image/item/4711377279642_1.jpg
PSU,MSI MAG A850GL PCIE5 WHITE,13979,https://shop.tsukumo.co.jp/goods/4526541047558/,https://cdn.tsukumo.co.jp/image/item/4526541047558_1.jpg
Cooler,MSI MAG CORELIQUID I360,19170,https://shop.tsukumo.co.jp/goods/4711377233200/,https://cdn.tsukumo.co.jp/image/item/4711377233200_1.jpg
Peripheral,MSI Vigor GK30 COMBO WHITE JP 有線 日本語配列フルキー メンブレン ゲーミング キーボード&マウスセット,8340,https://shop.tsukumo.co.jp/goods/0824142247419/,https://cdn.tsukumo.co.jp/image/item/0824142247419_1.jpg
Motherboard,MSI MPG B850 EDGE TI WIFI,44860,https://shop.tsukumo.co.jp/goods/4711377290616/,https://cdn.tsukumo.co.jp/image/item/4711377290616_1.jpg
Motherboard,MSI Z890 GAMING PLUS WIFI,31544,https://shop.tsukumo.co.jp/goods/4526541055515/,https://cdn.tsukumo.co.jp/image/item/4526541055515_1.jpg
PSU,MSI MAG A650BNL,6411,https://shop.tsukumo.co.jp/goods/4526541047831/,https://cdn.tsukumo.co.jp/image/item/4526541047831_1.jpg
Cooler,MSI MAG CORELIQUID A13 360,12570,https://shop.tsukumo.co.jp/goods/4711377273770/,https://cdn.tsukumo.co.jp/image/item/4711377273770_1.jpg
Motherboard,MSI MEG Z890 GODLIKE,201734,https://shop.tsukumo.co.jp/goods/4711377260770/,https://cdn.tsukumo.co.jp/image/item/4711377260770_1.jpg
Peripheral,MSI VERSA 300 ELITE WIRELESS USB有線/USB無線/Bluetooth対応 ゲーミングマウス,7210,https://shop.tsukumo.co.jp/goods/0824142376829/,https://cdn.tsukumo.co.jp/image/item/0824142376829_1.jpg
Peripheral,MSI VERSA 300 WIRELESS USB有線/USB無線/Bluetooth対応 ゲーミングマウス,3250,https://shop.tsukumo.co.jp/goods/0824142376799/,https://cdn.tsukumo.co.jp/image/item/0824142376799_1.jpg
Graphics Card,MSI MPG ARGB GRAPHICS CARD STAND WHITE,3580,https://shop.tsukumo.co.jp/goods/4711377155298/,https://cdn.tsukumo.co.jp/image/item/4711377155298_1.jpg
Monitor,MSI Modern MD2712PW 27インチ フルHDモニター ホワイト IPSパネル 100Hz 高さ調整/ピボット可能,26580,https://shop.tsukumo.co.jp/goods/0406621114018/,https://cdn.tsukumo.co.jp/image/item/0406621114018_1.jpg
Monitor,MSI PRO MP243XW 23.8インチ フルHDモニター 100Hz 1ms(MPRT) IPSパネル ホワイト,16800,https://shop.tsukumo.co.jp/goods/0406621071014/,https://cdn.tsukumo.co.jp/image/item/0406621071014_1.jpg
PSU,MSI MPG A1000GS PCIE5,21980,https://shop.tsukumo.co.jp/goods/4711377243773/,https://cdn.tsukumo.co.jp/image/item/4711377243773_1.jpg
Monitor,MSI MAG 255XFV 24.5インチ フルHD ゲーミングモニター 250Hz 0.5ms RAPID VAパネル,22800,https://shop.tsukumo.co.jp/goods/0406621599013/,https://cdn.tsukumo.co.jp/image/item/0406621599013_1.jpg
Motherboard,MSI B760M GAMING PLUS WIFI,14980,https://shop.tsukumo.co.jp/goods/4526541048456/,https://cdn.tsukumo.co.jp/image/item/4526541048456_1.jpg
Monitor,MSI MAG 272PF X24 27インチ フルHD ゲーミングモニター 240Hz 0.5ms(GTG) RapidIPS,29800,https://shop.tsukumo.co.jp/goods/0406622433019/,https://cdn.tsukumo.co.jp/image/item/0406622433019_1.jpg
Other,MSI MPG A1250GS PCIE5,24979,https://shop.tsukumo.co.jp/goods/4711377243766/,https://cdn.tsukumo.co.jp/image/item/4711377243766_1.jpg
Motherboard,MSI PRO B860-P WIFI,23233,https://shop.tsukumo.co.jp/goods/4711377286572/,https://cdn.tsukumo.co.jp/image/item/4711377286572_1.jpg
Motherboard,MSI PRO B860M-A WIFI,31158,https://shop.tsukumo.co.jp/goods/4711377286565/,https://cdn.tsukumo.co.jp/image/item/4711377286565_1.jpg
Motherboard,MSI MAG B860M MORTAR WIFI,28980,https://shop.tsukumo.co.jp/goods/4711377287876/,https://cdn.tsukumo.co.jp/image/item/4711377287876_1.jpg
Monitor,MSI MAG 242F 23.8インチ フルHD ゲーミングモニター 200Hz 0.5ms(GTG) RapidIPS,18800,https://shop.tsukumo.co.jp/goods/0406622127017/,https://cdn.tsukumo.co.jp/image/item/0406622127017_1.jpg
Monitor,MSI G255PF-E2 24.5インチ フルHD ゲーミングモニター 180Hz 1ms(GTG) RapidIPS,19800,https://shop.tsukumo.co.jp/goods/0406621391013/,https://cdn.tsukumo.co.jp/image/item/0406621391013_1.jpg
Motherboard,MSI B850M GAMING PLUS WIFI,28168,https://shop.tsukumo.co.jp/goods/4711377347570/,https://cdn.tsukumo.co.jp/image/item/4711377347570_1.jpg
Motherboard,MSI B760 GAMING PLUS WIFI　【PCIe 4.0対応】,17475,https://shop.tsukumo.co.jp/goods/4526541045981/,https://cdn.tsukumo.co.jp/image/item/4526541045981_1.jpg
Cooler,MSI MAG COREFROZR AA13 WHITE,3930,https://shop.tsukumo.co.jp/goods/4711377345750/,https://cdn.tsukumo.co.jp/image/item/4711377345750_1.jpg
Motherboard,MSI B550M PRO-VDH WIFI,10800,https://shop.tsukumo.co.jp/goods/4526541740718/,https://cdn.tsukumo.co.jp/image/item/4526541740718_1.jpg
PSU,MSI MPG A850GS PCIE5,21980,https://shop.tsukumo.co.jp/goods/4711377243780/,https://cdn.tsukumo.co.jp/image/item/4711377243780_1.jpg
Monitor,MSI MPG 321URXW QD-OLED 31.5インチ 4K ゲーミングモニター 240Hz 0.03ms TrueBlack400,127000,https://shop.tsukumo.co.jp/goods/0406622003014/,https://cdn.tsukumo.co.jp/image/item/0406622003014_1.jpg
Notebook,MSI ゲーミングノート Vector-16-HX-AI-A2XWIG-7650JP [16型 /Core Ultra 9 275HX /RTX5080 /RAM:32GB /SSD:1TB /WQXGA (240Hz) /Windows 11 Pro /コスモスグレイ],440800,https://shop.tsukumo.co.jp/goods/0409090026011/,https://cdn.tsukumo.co.jp/image/item/0409090026011_1.jpg
Graphics Card,MSI GT 710 2GD3H LP,5416,https://shop.tsukumo.co.jp/goods/4537694234702/,https://cdn.tsukumo.co.jp/image/item/4537694234702_1.jpg
Monitor,MSI Cyborg-15-A13UCK-4169JP　[ 15.6型 / フルHD(144Hz) / i7-13620H / RTX3050 / RAM:16GB / SSD:512GB / Windows 11 Home / ブラック&スケルトン ],139800,https://shop.tsukumo.co.jp/goods/0406656997013/,https://cdn.tsukumo.co.jp/image/item/0406656997013_1.jpg
Monitor,MSI MPG 346CQRF X24 34インチ ウルトラワイド(UWQHD 3440x1440) ゲーミングモニター 240Hz 0.5ms(GTG) RapidVA 1500R湾曲パネル,75545,https://shop.tsukumo.co.jp/goods/0406622308010/,https://cdn.tsukumo.co.jp/image/item/0406622308010_1.jpg
Cooler,MSI MAG CORELIQUID E360,13981,https://shop.tsukumo.co.jp/goods/4526541047589/,https://cdn.tsukumo.co.jp/image/item/4526541047589_1.jpg
Monitor,MSI PRO MP341CQW　34インチ ウルトラワイドモニター UWQHD(3440x1440) 湾曲 100Hz VA ホワイト,42801,https://shop.tsukumo.co.jp/goods/0406620769011/,https://cdn.tsukumo.co.jp/image/item/0406620769011_1.jpg
Monitor,MSI Modern MD272QXPW 27インチ モニター WQHD(2560x1440) IPSパネル 100Hz,27800,https://shop.tsukumo.co.jp/goods/0406621145012/,https://cdn.tsukumo.co.jp/image/item/0406621145012_1.jpg
Motherboard,MSI B840 GAMING PLUS WIFI,18980,https://shop.tsukumo.co.jp/goods/4711377286589/,https://cdn.tsukumo.co.jp/image/item/4711377286589_1.jpg
Monitor,MSI MAG 244C 23.6インチ フルHD ゲーミングモニター 180Hz 1ms(GTG) 1500R 湾曲VAパネル,17600,https://shop.tsukumo.co.jp/goods/0406622128014/,https://cdn.tsukumo.co.jp/image/item/0406622128014_1.jpg
Cooler,MSI MAG CORELIQUID I360 WHITE,20280,https://shop.tsukumo.co.jp/goods/4711377233217/,https://cdn.tsukumo.co.jp/image/item/4711377233217_1.jpg
Monitor,MSI MAG 275CQRF QD E2 27インチ WQHD(QHD)2560x1440 ゲーミングモニター 180Hz 0.5ms(GTG) 量子ドット RapidVA 1500R湾曲パネル,39600,https://shop.tsukumo.co.jp/goods/0406621795019/,https://cdn.tsukumo.co.jp/image/item/0406621795019_1.jpg
Peripheral,MSI CLUTCH GM08 有線 4200dpi 6ボタン ゲーミングマウス,2200,https://shop.tsukumo.co.jp/goods/0824142218440/,https://cdn.tsukumo.co.jp/image/item/0824142218440_1.jpg
PSU,MSI MPG A850G PCIE5 【12VHPWR規格対応】,22244,https://shop.tsukumo.co.jp/goods/4526541042232/,https://cdn.tsukumo.co.jp/image/item/4526541042232_1.jpg
Motherboard,MSI MEG Z890 ACE,109000,https://shop.tsukumo.co.jp/goods/4526541055669/,https://cdn.tsukumo.co.jp/image/item/4526541055669_1.jpg
Motherboard,MSI PRO B840M-P WIFI6E,14580,https://shop.tsukumo.co.jp/goods/4711377361804/,https://cdn.tsukumo.co.jp/image/item/4711377361804_1.jpg
Motherboard,MSI MPG B860I EDGE TI WIFI,39800,https://shop.tsukumo.co.jp/goods/4711377350174/,https://cdn.tsukumo.co.jp/image/item/4711377350174_1.jpg
Other,MSI 背面コネクタ,40590,https://shop.tsukumo.co.jp/goods/4711377365284/,https://cdn.tsukumo.co.jp/image/item/4711377365284_1.jpg
Cooler,MSI MAG CORELIQUID E360 WHITE,13981,https://shop.tsukumo.co.jp/goods/4526541047763/,https://cdn.tsukumo.co.jp/image/item/4526541047763_1.jpg
Cooler,MSI MAG CORELIQUID A13 360 WHITE,12570,https://shop.tsukumo.co.jp/goods/4711377276689/,https://cdn.tsukumo.co.jp/image/item/4711377276689_1.jpg
Monitor,MSI MAG-274QRFW 27インチ WQHD(2560x1440) ゲーミングモニター 180Hz 1ms(GTG) RAPID IPS ホワイト,33000,https://shop.tsukumo.co.jp/goods/0406621510018/,https://cdn.tsukumo.co.jp/image/item/0406621510018_1.jpg
Motherboard,MSI PRO B850M-A WIFI PZ,34980,https://shop.tsukumo.co.jp/goods/4711377384308/,https://cdn.tsukumo.co.jp/image/item/4711377384308_1.jpg
Cooler,MSI MAG CORELIQUID A13 240 WHITE,9980,https://shop.tsukumo.co.jp/goods/4711377276672/,https://cdn.tsukumo.co.jp/image/item/4711377276672_1.jpg
Monitor,MSI MPG 325CQRXF 31.5インチ WQHD(2560x1440) ゲーミングモニター 280Hz 0.5ms RapidVA 1000R湾曲パネル,47800,https://shop.tsukumo.co.jp/goods/0406622002017/,https://cdn.tsukumo.co.jp/image/item/0406622002017_1.jpg
PSU,MSI MAG A1000GL PCIE5,19980,https://shop.tsukumo.co.jp/goods/4526541048319/,https://cdn.tsukumo.co.jp/image/item/4526541048319_1.jpg
Monitor,MSI MAG 321CUPDF 31.5インチ ゲーミングモニター 4k 160Hz/FHD 320Hz 0.5ms RapidVAパネル,78001,https://shop.tsukumo.co.jp/goods/0406622043010/,https://cdn.tsukumo.co.jp/image/item/0406622043010_1.jpg
Motherboard,MSI MAG B650M MORTAR WIFI　【PCIe 4.0対応】,29421,https://shop.tsukumo.co.jp/goods/4526541043574/,https://cdn.tsukumo.co.jp/image/item/4526541043574_1.jpg
Notebook,MSI ノートPC Modern-14-H-D2RMG-5429JP [14型 /Core 7 240H /RAM:32GB /SSD:512GB /WUXGA /Windows 11 Home /MS Office H&B /クラシックブラック],143800,https://shop.tsukumo.co.jp/goods/0409090934019/,https://cdn.tsukumo.co.jp/image/item/0409090934019_1.jpg
Motherboard,MSI MPG Z890I EDGE TI WIFI,68918,https://shop.tsukumo.co.jp/goods/4526541056369/,https://cdn.tsukumo.co.jp/image/item/4526541056369_1.jpg
Monitor,MSI PRO MP161 E2 15.6インチ フルHD ポータブルモニター IPSパネル,18800,https://shop.tsukumo.co.jp/goods/0406621449011/,https://cdn.tsukumo.co.jp/image/item/0406621449011_1.jpg
Cooler,MSI MAG CORELIQUID A13 240,9980,https://shop.tsukumo.co.jp/goods/4711377273763/,https://cdn.tsukumo.co.jp/image/item/4711377273763_1.jpg
PSU,MSI MPG A1000G PCIE5 【12VHPWR規格対応】,25608,https://shop.tsukumo.co.jp/goods/4526541042249/,https://cdn.tsukumo.co.jp/image/item/4526541042249_1.jpg
Notebook,MSI ポータブルゲーミングPC Claw-A8-BZ2EM-401JP　[8型 /Ryzen Z2 Extreme /RAM:24GB /SSD:1TB /WUXGA (120Hz) タッチパネル /Windows 11 Home /ブラック&ホワイト],154891,https://shop.tsukumo.co.jp/goods/0409091304019/,https://cdn.tsukumo.co.jp/image/item/0409091304019_1.jpg
Notebook,MSI ゲーミングノート Cyborg-A15-AI-B2HWFKG-2753JP [15.6型 /Ryzen 9 270 /RTX5060 /RAM:32GB /SSD:1TB /フルHD (144Hz) /Windows 11 Home /オデッセイグレイ&スケルトン],215800,https://shop.tsukumo.co.jp/goods/0409091342011/,https://cdn.tsukumo.co.jp/image/item/0409091342011_1.jpg
PSU,MSI MEG Ai1300P PCIE5 【12VHPWR規格対応】,49206,https://shop.tsukumo.co.jp/goods/4526541042133/,https://cdn.tsukumo.co.jp/image/item/4526541042133_1.jpg
Monitor,MSI MPG 491CQP QD-OLED 49インチ DQHD 5120x1440 ゲーミングモニター 144Hz 0.03ms 1800R湾曲パネル,158000,https://shop.tsukumo.co.jp/goods/0406621338018/,https://cdn.tsukumo.co.jp/image/item/0406621338018_1.jpg
Motherboard,MSI PRO A620M-E,12840,https://shop.tsukumo.co.jp/goods/4526541046100/,https://cdn.tsukumo.co.jp/image/item/4526541046100_1.jpg
Notebook,MSI Summit-E13-AI-Evo-A1MTG-4099JP　[ 13.3型 / WUXGA タッチパネル / Core Ultra 7 155H / RAM:16GB / SSD:512GB / Windows 11 Pro / インクブラック ],179800,https://shop.tsukumo.co.jp/goods/0406657175014/,https://cdn.tsukumo.co.jp/image/item/0406657175014_1.jpg
Cooler,MSI MAG CORELIQUID E240,12400,https://shop.tsukumo.co.jp/goods/4526541047572/,https://cdn.tsukumo.co.jp/image/item/4526541047572_1.jpg
Monitor,MSI Modern MD272UPSW 27インチ 4K スマートモニター IPSパネル,41800,https://shop.tsukumo.co.jp/goods/0406622093015/,https://cdn.tsukumo.co.jp/image/item/0406622093015_1.jpg
Monitor,MSI PRO MP273AP 27インチ フルHD 液晶モニター IPSパネル 高さ調整可,22800,https://shop.tsukumo.co.jp/goods/0406620896014/,https://cdn.tsukumo.co.jp/image/item/0406620896014_1.jpg
Other,MSI FORCE GC300 W ワイヤレス ゲームコントローラー,6705,https://shop.tsukumo.co.jp/goods/0824142370841/,https://cdn.tsukumo.co.jp/image/item/0824142370841_1.jpg
Motherboard,MSI MPG Z890 EDGE TI WIFI,55481,https://shop.tsukumo.co.jp/goods/4526541055652/,https://cdn.tsukumo.co.jp/image/item/4526541055652_1.jpg
Cooler,MSI MAG CORELIQUID I240 WHITE,14980,https://shop.tsukumo.co.jp/goods/4711377233194/,https://cdn.tsukumo.co.jp/image/item/4711377233194_1.jpg
Motherboard,MSI PRO B650M-A WIFI　【PCIe 4.0対応】,22092,https://shop.tsukumo.co.jp/goods/4526541043642/,https://cdn.tsukumo.co.jp/image/item/4526541043642_1.jpg
Motherboard,MSI H810M GAMING WIFI6E,21973,https://shop.tsukumo.co.jp/goods/4711377358651/,https://cdn.tsukumo.co.jp/image/item/4711377358651_1.jpg
Motherboard,MSI PRO A620AM-B EVO,13973,https://shop.tsukumo.co.jp/goods/4711377397216/,https://cdn.tsukumo.co.jp/image/item/4711377397216_1.jpg
Peripheral,MSI VERSA 300 WIRELESS WHITE USB有線/USB無線/Bluetooth対応 ゲーミングマウス,3980,https://shop.tsukumo.co.jp/goods/0824142392096/,https://cdn.tsukumo.co.jp/image/item/0824142392096_1.jpg
Cooler,MSI MAG CORELIQUID I240,14980,https://shop.tsukumo.co.jp/goods/4711377233187/,https://cdn.tsukumo.co.jp/image/item/4711377233187_1.jpg
Notebook,MSI ゲーミングノート Stealth-A16-AI+A3XWIG-6455JP [16型 /Ryzen AI 9 HX 370 /RTX5080 /RAM:64GB /SSD:1TB /WQXGA (240Hz) 有機EL /Windows 11 Pro /コアブラック],539800,https://shop.tsukumo.co.jp/goods/0409090024017/,https://cdn.tsukumo.co.jp/image/item/0409090024017_1.jpg
Graphics Card,MSI GeForce RTX 5060 Ti 8G GAMING OC,70741,https://shop.tsukumo.co.jp/goods/4711377336796/,https://cdn.tsukumo.co.jp/image/item/4711377336796_1.jpg
Peripheral,MSI VERSA 300 ELITE WIRELESS WHITE USB有線/USB無線/Bluetooth対応 ゲーミングマウス,7980,https://shop.tsukumo.co.jp/goods/0824142392102/,https://cdn.tsukumo.co.jp/image/item/0824142392102_1.jpg
Other,MSI EdgeXpert QSFP cable　956-C931-101,13200,https://shop.tsukumo.co.jp/goods/4526541061905/,https://cdn.tsukumo.co.jp/image/item/4526541061905_1.jpg
Other,MSI EdgeXpert（1TBストレージ）　[ 20core Arm / RAM:128GB / SSD:1TB / NVIDIA DGX OS ]　9S6-C9311-63S,547800,https://shop.tsukumo.co.jp/goods/4526541061936/,https://cdn.tsukumo.co.jp/image/item/4526541061936_1.jpg
Notebook,MSI ポータブルゲーミングPC Claw-8-AI+A2VM-Super-Pack-301JP　[8型 /Core Ultra 7 258V /RAM:32GB /SSD:1TB /WUXGA (120Hz) タッチパネル /Windows 11 Home /ブラック＆サンドストーム],179800,https://shop.tsukumo.co.jp/goods/0409090774011/,https://cdn.tsukumo.co.jp/image/item/0409090774011_1.jpg
Cooler,MSI MAG CORELIQUID E360 MONSTER HUNTER EDITION,25980,https://shop.tsukumo.co.jp/goods/4526541051432/,https://cdn.tsukumo.co.jp/image/item/4526541051432_1.jpg
Case,MSI MPG GUNGNIR 300 MONSTER HUNTER EDITION,29980,https://shop.tsukumo.co.jp/goods/4526541051531/,https://cdn.tsukumo.co.jp/image/item/4526541051531_1.jpg
Motherboard,MSI MEG Z890 UNIFY-X,122980,https://shop.tsukumo.co.jp/goods/4526541055812/,https://cdn.tsukumo.co.jp/image/item/4526541055812_1.jpg
Other,MSI RadiX AX6600 GRAX66 [ゲーミングルーター / 無線LAN親機 / Wi-Fi 6(11ax)対応 / 4804 Mbps + 1201 Mbps + 574 Mbps],40240,https://shop.tsukumo.co.jp/goods/0401545162015/,https://cdn.tsukumo.co.jp/image/item/0401545162015_1.jpg
Other,MSI ミニPC Cubi 5 1M-603JP [Core 5 120U /RAM:16GB /SSD:512GB /Windows 11 Pro],146800,https://shop.tsukumo.co.jp/goods/0409091835018/,https://cdn.tsukumo.co.jp/image/item/0409091835018_1.jpg
Notebook,MSI ノートPC Modern-13-F1MOG-5589JP [13.3型 /Core 7 150U /RAM:32GB /SSD:512GB /Windows 11 Home /プラチナグレイ],143800,https://shop.tsukumo.co.jp/goods/0409091836015/,https://cdn.tsukumo.co.jp/image/item/0409091836015_1.jpg
Motherboard,MSI 背面コネクタ対応,20980,https://shop.tsukumo.co.jp/goods/4711377231572/,https://cdn.tsukumo.co.jp/image/item/4711377231572_1.jpg
Case,MSI MPG GUNGNIR 300R AIRFLOW,18620,https://shop.tsukumo.co.jp/goods/4526541046094/,https://cdn.tsukumo.co.jp/image/item/4526541046094_1.jpg
Graphics Card,MSI GeForce RTX 5070 Ti 16G GAMING TRIO OC,167979,https://shop.tsukumo.co.jp/goods/4711377301541/,https://cdn.tsukumo.co.jp/image/item/4711377301541_1.jpg
Graphics Card,MSI GeForce RTX 5060 Ti 16G VENTUS 2X OC PLUS,81800,https://shop.tsukumo.co.jp/goods/4711377334471/,https://cdn.tsukumo.co.jp/image/item/4711377334471_1.jpg
Graphics Card,MSI GeForce RTX 5070 12G VENTUS 2X OC,96980,https://shop.tsukumo.co.jp/goods/4711377308229/,https://cdn.tsukumo.co.jp/image/item/4711377308229_1.jpg
Graphics Card,MSI GeForce RTX 5070 Ti 16G GAMING TRIO OC WHITE,169980,https://shop.tsukumo.co.jp/goods/4711377301060/,https://cdn.tsukumo.co.jp/image/item/4711377301060_1.jpg
Monitor,MSI MPG 271QRX QD-OLED 26.5インチ WQHD(QHD) 2560x1440 ゲーミングモニター 360Hz 0.03ms,88000,https://shop.tsukumo.co.jp/goods/0406621336014/,https://cdn.tsukumo.co.jp/image/item/0406621336014_1.jpg
Graphics Card,MSI GeForce RTX 5070 12G GAMING TRIO OC,111800,https://shop.tsukumo.co.jp/goods/4711377303927/,https://cdn.tsukumo.co.jp/image/item/4711377303927_1.jpg
Graphics Card,MSI GeForce RTX 5060 Ti 16G GAMING OC,84698,https://shop.tsukumo.co.jp/goods/4711377335720/,https://cdn.tsukumo.co.jp/image/item/4711377335720_1.jpg
Graphics Card,MSI GeForce RTX 5080 16G GAMING TRIO OC,221700,https://shop.tsukumo.co.jp/goods/4711377292160/,https://cdn.tsukumo.co.jp/image/item/4711377292160_1.jpg
Monitor,MSI MPG 272URX QD-OLED 26.5インチ 4K ゲーミングモニター 240Hz 0.03ms(GTG),118000,https://shop.tsukumo.co.jp/goods/0406622094012/,https://cdn.tsukumo.co.jp/image/item/0406622094012_1.jpg
Graphics Card,MSI GeForce RTX 5070 Ti 16G VENTUS 3X OC,148800,https://shop.tsukumo.co.jp/goods/4711377301589/,https://cdn.tsukumo.co.jp/image/item/4711377301589_1.jpg
Graphics Card,MSI GeForce RTX 5060 8G VENTUS 2X OC WHITE,56800,https://shop.tsukumo.co.jp/goods/4711377344296/,https://cdn.tsukumo.co.jp/image/item/4711377344296_1.jpg
Other,MSI MAG A1250GL PCIE5,30627,https://shop.tsukumo.co.jp/goods/4526541048272/,https://cdn.tsukumo.co.jp/image/item/4526541048272_1.jpg
Graphics Card,MSI GeForce RTX 5050 8G VENTUS 2X OC,44680,https://shop.tsukumo.co.jp/goods/4711377380003/,https://cdn.tsukumo.co.jp/image/item/4711377380003_1.jpg
Graphics Card,MSI GeForce RTX 5060 8G VENTUS 2X OC,55800,https://shop.tsukumo.co.jp/goods/4711377344272/,https://cdn.tsukumo.co.jp/image/item/4711377344272_1.jpg
Graphics Card,MSI GeForce RTX 5060 Ti 16G VENTUS 2X OC WHITE PLUS,81800,https://shop.tsukumo.co.jp/goods/4711377334501/,https://cdn.tsukumo.co.jp/image/item/4711377334501_1.jpg
Motherboard,MSI B550M PRO-VDH,6831,https://shop.tsukumo.co.jp/goods/4526541050916/,https://cdn.tsukumo.co.jp/image/item/4526541050916_1.jpg
Graphics Card,MSI GeForce RTX 5070 12G VENTUS 2X OC WHITE,95838,https://shop.tsukumo.co.jp/goods/4711377308243/,https://cdn.tsukumo.co.jp/image/item/4711377308243_1.jpg
Graphics Card,MSI GeForce RTX 5060 Ti 8G INSPIRE 2X OC,67203,https://shop.tsukumo.co.jp/goods/4711377341417/,https://cdn.tsukumo.co.jp/image/item/4711377341417_1.jpg
Other,MSI A520M-A PRO,4980,https://shop.tsukumo.co.jp/goods/4526541740756/,https://cdn.tsukumo.co.jp/image/item/4526541740756_1.jpg
Graphics Card,MSI GeForce RTX 3050 VENTUS 2X E 6G OC,30273,https://shop.tsukumo.co.jp/goods/0824142385173/,https://cdn.tsukumo.co.jp/image/item/0824142385173_1.jpg
Graphics Card,MSI GeForce RTX 5060 Ti 16G GAMING TRIO OC,91980,https://shop.tsukumo.co.jp/goods/4711377335737/,https://cdn.tsukumo.co.jp/image/item/4711377335737_1.jpg
Monitor,MSI SPATIUM S270　S78-440P130-P83 [2.5インチ内蔵SSD / 960GB / SPATIUM S270 SATA 2.5 シリーズ / 国内正規代理店品],7980,https://shop.tsukumo.co.jp/goods/0824142297742/,https://cdn.tsukumo.co.jp/image/item/0824142297742_1.jpg
Motherboard,MSI B840M GAMING PLUS WIFI6E,25980,https://shop.tsukumo.co.jp/goods/4711377361811/,https://cdn.tsukumo.co.jp/image/item/4711377361811_1.jpg
Graphics Card,MSI GeForce RTX 5060 8G GAMING OC,55953,https://shop.tsukumo.co.jp/goods/4711377342544/,https://cdn.tsukumo.co.jp/image/item/4711377342544_1.jpg
Monitor,MSI PRO MP243XP 23.8インチ フルHDモニター 100Hz 1ms(MPRT) IPSパネル,14800,https://shop.tsukumo.co.jp/goods/0406620861012/,https://cdn.tsukumo.co.jp/image/item/0406620861012_1.jpg
Graphics Card,MSI GeForce RTX 5080 16G GAMING TRIO OC WHITE,231980,https://shop.tsukumo.co.jp/goods/4711377292177/,https://cdn.tsukumo.co.jp/image/item/4711377292177_1.jpg
Other,MSIキャンペーン,54980,https://shop.tsukumo.co.jp/goods/4711377391283/,https://cdn.tsukumo.co.jp/image/item/4711377391283_1.jpg
Motherboard,MSI PRO Z890-A WIFI,38002,https://shop.tsukumo.co.jp/goods/4526541055577/,https://cdn.tsukumo.co.jp/image/item/4526541055577_1.jpg
Motherboard,MSI MPG B550 GAMING PLUS,11800,https://shop.tsukumo.co.jp/goods/4526541740640/,https://cdn.tsukumo.co.jp/image/item/4526541740640_1.jpg
Peripheral,MSI VIGOR GK20 JP 有線 日本語配列フルキー メンブレン ゲーミングキーボード,3660,https://shop.tsukumo.co.jp/goods/0824142221969/,https://cdn.tsukumo.co.jp/image/item/0824142221969_1.jpg
Graphics Card,MSI MPG ARGB GRAPHICS CARD STAND,3580,https://shop.tsukumo.co.jp/goods/4711377155281/,https://cdn.tsukumo.co.jp/image/item/4711377155281_1.jpg
Graphics Card,MSI GT 710 2GD3H 4HDMI,3980,https://shop.tsukumo.co.jp/goods/4711377232845/,https://cdn.tsukumo.co.jp/image/item/4711377232845_1.jpg
Monitor,MSI MPG 491CQPX QD-OLED 49インチ DQHD 5120x1440 ゲーミングモニター 240Hz 0.03ms 1800R湾曲パネル,178000,https://shop.tsukumo.co.jp/goods/0406621909010/,https://cdn.tsukumo.co.jp/image/item/0406621909010_1.jpg
Motherboard,MSI B760 GAMING PLUS WIFI DDR4　【PCIe 4.0対応】,21710,https://shop.tsukumo.co.jp/goods/4526541054914/,https://cdn.tsukumo.co.jp/image/item/4526541054914_1.jpg
Graphics Card,MSI ゲーミングPC MPG Infinite Z3 9NVRR7-626JP [Ryzen 7 9800X3D /RTX5070Ti /RAM:32GB /SSD:1TB /Windows 11 Home],458000,https://shop.tsukumo.co.jp/goods/0409091536014/,https://cdn.tsukumo.co.jp/image/item/0409091536014_1.jpg
Graphics Card,MSI ゲーミングPC MPG Trident AS AI 2NVP7-019JP [Core Ultra 7 265F /RTX5070 /RAM:32GB /SSD:1TB /Windows 11 Home],348000,https://shop.tsukumo.co.jp/goods/0409091301018/,https://cdn.tsukumo.co.jp/image/item/0409091301018_1.jpg
Graphics Card,MSI GeForce RTX 5060 Ti 16G INSPIRE 2X OC,86980,https://shop.tsukumo.co.jp/goods/4711377335768/,https://cdn.tsukumo.co.jp/image/item/4711377335768_1.jpg
Other,MSI FORCE GC300 W ワイヤレス ゲームコントローラー ホワイト,6472,https://shop.tsukumo.co.jp/goods/0824142386491/,https://cdn.tsukumo.co.jp/image/item/0824142386491_1.jpg
Motherboard,MSI PRO B850M-A WIFI,26415,https://shop.tsukumo.co.jp/goods/4711377347587/,https://cdn.tsukumo.co.jp/image/item/4711377347587_1.jpg
Graphics Card,MSI GeForce RTX 5060 8G INSPIRE ITX OC,47800,https://shop.tsukumo.co.jp/goods/4711377344227/,https://cdn.tsukumo.co.jp/image/item/4711377344227_1.jpg
Other,MSI ミニPC Cubi NUC AI 1UMG-050JP [Core Ultra 7 155H /RAM:16GB /SSD:512GB /Windows 11 Pro],137800,https://shop.tsukumo.co.jp/goods/0409091300011/,https://cdn.tsukumo.co.jp/image/item/0409091300011_1.jpg
Motherboard,MSI PRO B840-P WIFI,22300,https://shop.tsukumo.co.jp/goods/4711377286596/,https://cdn.tsukumo.co.jp/image/item/4711377286596_1.jpg
Notebook,MSI Prestige-13Evo-A12M-1417JP　[ 13.3型 / WUXGA / i5-1240P / RAM:16GB / SSD:512GB / Windows 11 Pro / ステラグレイ ],49800,https://shop.tsukumo.co.jp/goods/0406655310011/,https://cdn.tsukumo.co.jp/image/item/0406655310011_1.jpg
Case,MSI MPG GUNGNIR 110R EVAe-PROJECT,6980,https://shop.tsukumo.co.jp/goods/0401549142013/,https://cdn.tsukumo.co.jp/image/item/0401549142013_1.jpg
Peripheral,MSI Vigor GK30 JP 有線 日本語配列フルキー ゲーミング キーボード,2979,https://shop.tsukumo.co.jp/goods/0401553039019/,https://cdn.tsukumo.co.jp/image/item/0401553039019_1.jpg
Graphics Card,MSI GeForce RTX 3060 Ti VENTUS 2X 8G OCV1 LHR,29980,https://shop.tsukumo.co.jp/goods/0824142259351/,https://cdn.tsukumo.co.jp/image/item/0824142259351_1.jpg
Other,MSI 背面コネクタ,40590,https://shop.tsukumo.co.jp/goods/4711377288996/,https://cdn.tsukumo.co.jp/image/item/4711377288996_1.jpg
Other,MSI デスクトップPC PRO DP180 14A-804JP [i5-14400 /RAM:16GB /SSD:512GB /Windows 11 Pro],110009,https://shop.tsukumo.co.jp/goods/0409090652012/,https://cdn.tsukumo.co.jp/image/item/0409090652012_1.jpg
Other,MSI Creator X299,67980,https://shop.tsukumo.co.jp/goods/4526541726033/,https://cdn.tsukumo.co.jp/image/item/4526541726033_1.jpg
Other,MSI B460M-A PRO,9350,https://shop.tsukumo.co.jp/goods/4526541740527/,https://cdn.tsukumo.co.jp/image/item/4526541740527_1.jpg
Motherboard,MSI AX1800 GUAX18 （WiFi USBアダプタ）,7145,https://shop.tsukumo.co.jp/goods/0401545163012/,https://cdn.tsukumo.co.jp/image/item/0401545163012_1.jpg
Monitor,MSI Cyborg-15-A12VF-859JP　Cyborg 15 A12V　[ 15.6型 / フルHD(144Hz) / i7-12650H / RTX4060 / RAM:16GB / SSD:512GB / Windows 11 Home / ブラック＆スケルトン ],129800,https://shop.tsukumo.co.jp/goods/0406654970018/,https://cdn.tsukumo.co.jp/image/item/0406654970018_1.jpg
Graphics Card,MSI GeForce RTX 3080 Ti VENTUS 3X 12G OC LHR,59980,https://shop.tsukumo.co.jp/goods/0824142249574/,https://cdn.tsukumo.co.jp/image/item/0824142249574_1.jpg
Monitor,MSI Stealth-14Studio-A13VE-569JP　[ 14型 / WQXGA(240Hz) / i7-13700H / RTX4050 / RAM:16GB / SSD:1TB / Windows 11 Home / ブラック&ホワイト ],149800,https://shop.tsukumo.co.jp/goods/0406655120016/,https://cdn.tsukumo.co.jp/image/item/0406655120016_1.jpg
Motherboard,MSI B460M PRO-VDH WIFI,12980,https://shop.tsukumo.co.jp/goods/4526541740619/,https://cdn.tsukumo.co.jp/image/item/4526541740619_1.jpg
Motherboard,MSI Z790 GAMING PLUS WIFI 【PCIe 5.0対応】,29539,https://shop.tsukumo.co.jp/goods/4526541047893/,https://cdn.tsukumo.co.jp/image/item/4526541047893_1.jpg
Graphics Card,MSI GT1030搭載 2GB グラフィックボード GeForce GT 1030 2GD4 LP OC,11980,https://shop.tsukumo.co.jp/goods/4537694259385/,https://cdn.tsukumo.co.jp/image/item/4537694259385_1.jpg
Graphics Card,MSI GeForce RTX 4060 Ti VENTUS 2X BLACK 8G OC,52800,https://shop.tsukumo.co.jp/goods/0824142325667/,https://cdn.tsukumo.co.jp/image/item/0824142325667_1.jpg
Monitor,MSI Thin-GF63-12VE-069JP　Thin GF63 12V　[ 15.6型 / フルHD(144Hz) / i7-12650H / RTX4050 / RAM:16GB / SSD:512GB / Windows 11 Home / ブラック ],99980,https://shop.tsukumo.co.jp/goods/0406654971015/,https://cdn.tsukumo.co.jp/image/item/0406654971015_1.jpg
PSU,MSI Pulse-GL76-12UEK-452JP　[ 17.3型(144Hz) / フルHD / i7-12700H / RTX3060 / RAM:16GB / SSD:1TB / Windows 11 Home / チタニウムグレー ],129800,https://shop.tsukumo.co.jp/goods/0406652979013/,https://cdn.tsukumo.co.jp/image/item/0406652979013_1.jpg
Other,MSI ミニPC Cubi NUC 1M-042JP [Core 7 150U /RAM:16GB /SSD:512GB /Windows 11 Pro],137800,https://shop.tsukumo.co.jp/goods/0406658366015/,https://cdn.tsukumo.co.jp/image/item/0406658366015_1.jpg
Other,MSI SPATIUM M482 PCIe 4.0 NVMe M.2 2TB [M.2 NVMe 内蔵SSD / 2TB / PCIe Gen4x4 / SPATIUM M482 PCIe 4.0 NVMe M.2シリーズ / 国内正規代理店品],16980,https://shop.tsukumo.co.jp/goods/0824142343845/,https://cdn.tsukumo.co.jp/image/item/0824142343845_1.jpg
Cooler,MSI MPG CORELIQUID K360 V2,25979,https://shop.tsukumo.co.jp/goods/4526541039065/,https://cdn.tsukumo.co.jp/image/item/4526541039065_1.jpg
Graphics Card,MSI GTX1050Ti 4GB グラフィックボード GeForce GTX 1050 Ti 4GT LP,26400,https://shop.tsukumo.co.jp/goods/4537694241472/,https://cdn.tsukumo.co.jp/image/item/4537694241472_1.jpg
Other,MSI 外付けポータブルSSD　DATAMAG 20Gbps 2TB,25600,https://shop.tsukumo.co.jp/goods/0824142374467/,https://cdn.tsukumo.co.jp/image/item/0824142374467_1.jpg
Motherboard,MSI PRO Z790-A MAX WIFI 【PCIe 5.0対応】,38980,https://shop.tsukumo.co.jp/goods/4526541048050/,https://cdn.tsukumo.co.jp/image/item/4526541048050_1.jpg
Other,MSI H510M-A PRO,10980,https://shop.tsukumo.co.jp/goods/4526541741166/,https://cdn.tsukumo.co.jp/image/item/4526541741166_1.jpg
Motherboard,MSI MEG Z590 ACE GOLD EDITION,28578,https://shop.tsukumo.co.jp/goods/4526541740879/,https://cdn.tsukumo.co.jp/image/item/4526541740879_1.jpg
Cooler,MSI MAG CORELIQUID 360R V2,14980,https://shop.tsukumo.co.jp/goods/4526541039089/,https://cdn.tsukumo.co.jp/image/item/4526541039089_1.jpg
Graphics Card,MSI GeForce RTX 5060 8G GAMING TRIO OC,60790,https://shop.tsukumo.co.jp/goods/4711377342568/,https://cdn.tsukumo.co.jp/image/item/4711377342568_1.jpg
Motherboard,MSI MEG X670E ACE 【PCIe 5.0対応】,125979,https://shop.tsukumo.co.jp/goods/4526541043598/,https://cdn.tsukumo.co.jp/image/item/4526541043598_1.jpg
Other,MSI MPG SEKIRA 500G,26950,https://shop.tsukumo.co.jp/goods/4526541725678/,https://cdn.tsukumo.co.jp/image/item/4526541725678_1.jpg
Other,MSI Radeon RX Vega 56 Air Boost 8G OC,32978,https://shop.tsukumo.co.jp/goods/4537694254298/,https://cdn.tsukumo.co.jp/image/item/4537694254298_1.jpg
Graphics Card,MSI Trident X2 14NUI9-292JP　[ i9-14900KF / RTX4090 / RAM:64GB / SSD:2TB / Windows 11 Pro ],788000,https://shop.tsukumo.co.jp/goods/0406657091017/,https://cdn.tsukumo.co.jp/image/item/0406657091017_1.jpg
Graphics Card,MSI GeForce RTX 5070 12G GAMING TRIO OC WHITE,122980,https://shop.tsukumo.co.jp/goods/4711377303934/,https://cdn.tsukumo.co.jp/image/item/4711377303934_1.jpg
Other,MSI SPATIUM M450 PCIe 4.0 NVMe M.2 500GB,5080,https://shop.tsukumo.co.jp/goods/0824142304167/,https://cdn.tsukumo.co.jp/image/item/0824142304167_1.jpg
Notebook,MSI Prestige-13Evo-A12M-075JP　[ 13.3型 / WUXGA / i7-1280P / RAM:32GB / SSD:1TB / Windows 11 Pro / マットホワイト ],170800,https://shop.tsukumo.co.jp/goods/0406655123017/,https://cdn.tsukumo.co.jp/image/item/0406655123017_1.jpg
Monitor,MSI Katana-GF76-11UD-671JP　[ 17.3型(144Hz) / フルHD / i7-11800H / RTX3050Ti / RAM:16GB / SSD:512GB / Windows 11 Home / ブラック ],99980,https://shop.tsukumo.co.jp/goods/0406651908014/,https://cdn.tsukumo.co.jp/image/item/0406651908014_1.jpg
Other,MSI B460M PRO,8778,https://shop.tsukumo.co.jp/goods/4526541740534/,https://cdn.tsukumo.co.jp/image/item/4526541740534_1.jpg
Graphics Card,MSI GeForce GTX 1650 VENTUS XS 4G,16830,https://shop.tsukumo.co.jp/goods/0824142185537/,https://cdn.tsukumo.co.jp/image/item/0824142185537_1.jpg
Motherboard,MSI MPG B550I GAMING EDGE WIFI,15378,https://shop.tsukumo.co.jp/goods/4526541740657/,https://cdn.tsukumo.co.jp/image/item/4526541740657_1.jpg
Other,MSI MAG VAMPIRIC 010,8228,https://shop.tsukumo.co.jp/goods/4526541799945/,https://cdn.tsukumo.co.jp/image/item/4526541799945_1.jpg
Motherboard,MSI MEG X870E GODLIKE,204046,https://shop.tsukumo.co.jp/goods/4526541056338/,https://cdn.tsukumo.co.jp/image/item/4526541056338_1.jpg
Motherboard,MSI B360M PRO-VDH,10208,https://shop.tsukumo.co.jp/goods/4526541712418/,https://cdn.tsukumo.co.jp/image/item/4526541712418_1.jpg
Graphics Card,MSI GeForce RTX 2060 SUPER VENTUS XS J OC,43978,https://shop.tsukumo.co.jp/goods/0405766972019/,https://cdn.tsukumo.co.jp/image/item/0405766972019_1.jpg
Other,MSI N730K-2GD3/OCV5,5060,https://shop.tsukumo.co.jp/goods/0824142254929/,https://cdn.tsukumo.co.jp/image/item/0824142254929_1.jpg
Other,MSI PRO DP180 14-265JP　[ i5-14400 / RAM:16GB / SSD:512GB / Windows 11 Pro ],119799,https://shop.tsukumo.co.jp/goods/0406657157010/,https://cdn.tsukumo.co.jp/image/item/0406657157010_1.jpg
Motherboard,MSI MPG B760M EDGE TI WIFI,13979,https://shop.tsukumo.co.jp/goods/4526541048173/,https://cdn.tsukumo.co.jp/image/item/4526541048173_1.jpg
Motherboard,MSI MAG B550 TOMAHAWK,12980,https://shop.tsukumo.co.jp/goods/4526541740589/,https://cdn.tsukumo.co.jp/image/item/4526541740589_1.jpg
Motherboard,MSI MAG B760M MORTAR WIFI II,18000,https://shop.tsukumo.co.jp/goods/4526541048142/,https://cdn.tsukumo.co.jp/image/item/4526541048142_1.jpg
Motherboard,MSI B360-F PRO,10978,https://shop.tsukumo.co.jp/goods/4526541704031/,https://cdn.tsukumo.co.jp/image/item/4526541704031_1.jpg
Graphics Card,MSI GeForce RTX 3070 GAMING X TRIO,66000,https://shop.tsukumo.co.jp/goods/0824142229118/,https://cdn.tsukumo.co.jp/image/item/0824142229118_1.jpg
Notebook,MSI ポータブルゲーミングPC Claw-8-AI+A2VM-201JP　[8型 /Core Ultra 7 258V /RAM:32GB /SSD:1TB /WUXGA (120Hz) タッチパネル /Windows 11 Home /ブラック＆サンドストーム],149800,https://shop.tsukumo.co.jp/goods/0406659954013/,https://cdn.tsukumo.co.jp/image/item/0406659954013_1.jpg
Graphics Card,MSI Radeon 550 AERO ITX 2G OC,7348,https://shop.tsukumo.co.jp/goods/0824142219669/,https://cdn.tsukumo.co.jp/image/item/0824142219669_1.jpg
Motherboard,MSI PRO Z690-A DDR4 【DDR4対応】,18980,https://shop.tsukumo.co.jp/goods/4526541040177/,https://cdn.tsukumo.co.jp/image/item/4526541040177_1.jpg
Other,MSI 外付けポータブルSSD　DATAMAG 20Gbps 1TB,14800,https://shop.tsukumo.co.jp/goods/0824142373620/,https://cdn.tsukumo.co.jp/image/item/0824142373620_1.jpg
Notebook,MSI PRESTIGE X570 CREATION,62150,https://shop.tsukumo.co.jp/goods/4526541725722/,https://cdn.tsukumo.co.jp/image/item/4526541725722_1.jpg
Notebook,MSI Prestige-14H-B12UCX-099JP　[ 14型 / 1920×1200 / i7-12650H / RTX2050 / RAM:32GB / SSD:512GB / Windows 11 Home / アーバンシルバー ],99980,https://shop.tsukumo.co.jp/goods/0406655382018/,https://cdn.tsukumo.co.jp/image/item/0406655382018_1.jpg
Other,MSI H410M-A PRO,8800,https://shop.tsukumo.co.jp/goods/4526541740541/,https://cdn.tsukumo.co.jp/image/item/4526541740541_1.jpg
Graphics Card,MSI Aegis-Ti5-12VTE-046JP　[ i7-12700K / RTX3070Ti / RAM:32GB / SSD:1TB / HDD:1TB / Windows 11 Pro ],179800,https://shop.tsukumo.co.jp/goods/0406652749012/,https://cdn.tsukumo.co.jp/image/item/0406652749012_1.jpg
Other,MSI Radeon RX 580 ARMOR 8G OC J,19800,https://shop.tsukumo.co.jp/goods/4537694280587/,https://cdn.tsukumo.co.jp/image/item/4537694280587_1.jpg
Other,MSI SPATIUM M480 PRO PCIe 4.0 NVMe M.2 1TB　S78-440L1G0-P83,13280,https://shop.tsukumo.co.jp/goods/0824142326909/,https://cdn.tsukumo.co.jp/image/item/0824142326909_1.jpg
Notebook,MSI ノートPC Prestige-16-AI+MercedesAMG-B2VMG-5063JP [16型 /Core Ultra 9 288V /RAM:32GB /SSD:2TB /UHD+ /Windows 11 Pro /アーバンシルバー],323800,https://shop.tsukumo.co.jp/goods/0409091343018/,https://cdn.tsukumo.co.jp/image/item/0409091343018_1.jpg
Graphics Card,MSI GeForce RTX 4070 VENTUS 2X E1 12G OC,98799,https://shop.tsukumo.co.jp/goods/0824142383698/,https://cdn.tsukumo.co.jp/image/item/0824142383698_1.jpg
Motherboard,MSI MAG B660 TOMAHAWK WIFI DDR4 【DDR4対応】,17980,https://shop.tsukumo.co.jp/goods/4526541040795/,https://cdn.tsukumo.co.jp/image/item/4526541040795_1.jpg
Motherboard,MSI MAG B760M MORTAR MAX WIFI　【PCIe 5.0対応】 ※ツクモ限定モデル,36979,https://shop.tsukumo.co.jp/goods/4526541045264/,https://cdn.tsukumo.co.jp/image/item/4526541045264_1.jpg
Graphics Card,MSI GeForce GT 1030 2G LP OC,9515,https://shop.tsukumo.co.jp/goods/4537694244411/,https://cdn.tsukumo.co.jp/image/item/4537694244411_1.jpg
Cooler,MSI MAG CORELIQUID 240R V2 WHITE,12980,https://shop.tsukumo.co.jp/goods/4526541040382/,https://cdn.tsukumo.co.jp/image/item/4526541040382_1.jpg
Graphics Card,MSI GeForce RTX NVLink GPU BRIDGE,10978,https://shop.tsukumo.co.jp/goods/4537694266529/,https://cdn.tsukumo.co.jp/image/item/4537694266529_1.jpg
Graphics Card,MSI GeForce GTX 1050 Ti 4GT OCV1,18700,https://shop.tsukumo.co.jp/goods/0824142145937/,https://cdn.tsukumo.co.jp/image/item/0824142145937_1.jpg
Other,MSI ベストセラー,3980,https://shop.tsukumo.co.jp/goods/0824142297735/,https://cdn.tsukumo.co.jp/image/item/0824142297735_1.jpg
Graphics Card,MSI GeForce RTX 5080 16G SUPRIM SOC,249980,https://shop.tsukumo.co.jp/goods/4711377292238/,https://cdn.tsukumo.co.jp/image/item/4711377292238_1.jpg
Motherboard,MSI PRO Z790-P WIFI 【PCIe 5.0対応】,28289,https://shop.tsukumo.co.jp/goods/4526541043628/,https://cdn.tsukumo.co.jp/image/item/4526541043628_1.jpg
Graphics Card,MSI GeForce RTX 5070 Ti 16G INSPIRE 3X OC,157980,https://shop.tsukumo.co.jp/goods/4711377317160/,https://cdn.tsukumo.co.jp/image/item/4711377317160_1.jpg
Motherboard,MSI PRO H610M-G DDR4　【DDR4対応】,11425,https://shop.tsukumo.co.jp/goods/4526541041013/,https://cdn.tsukumo.co.jp/image/item/4526541041013_1.jpg
PSU,MSI MPG A750GF WHITE,19980,https://shop.tsukumo.co.jp/goods/4526541040948/,https://cdn.tsukumo.co.jp/image/item/4526541040948_1.jpg
Other,MSI A520M PRO-C DASH,8800,https://shop.tsukumo.co.jp/goods/4526541740749/,https://cdn.tsukumo.co.jp/image/item/4526541740749_1.jpg
Other,MSI Radeon RX 570 8GT OCV1,19151,https://shop.tsukumo.co.jp/goods/0824142219287/,https://cdn.tsukumo.co.jp/image/item/0824142219287_1.jpg
Notebook,MSI Claw-A1M-003JP　[ 7型 / フルHD (120Hz) タッチパネル / Core Ultra 5 135H / RAM:16GB / SSD:512GB / Windows 11 Home / ブラック ],79800,https://shop.tsukumo.co.jp/goods/0406657273017/,https://cdn.tsukumo.co.jp/image/item/0406657273017_1.jpg
Motherboard,MSI MEG Z690 UNIFY 【DDR5対応】,68999,https://shop.tsukumo.co.jp/goods/4526541040054/,https://cdn.tsukumo.co.jp/image/item/4526541040054_1.jpg
Other,MSI MAG Z690 TORPEDO 【DDR5対応】,14980,https://shop.tsukumo.co.jp/goods/4526541040122/,https://cdn.tsukumo.co.jp/image/item/4526541040122_1.jpg
Monitor,MSI Katana-17-B12VFK-038JP　[ 17.3型 / フルHD(144Hz) / i7-12650H / RTX4060 / RAM:16GB / SSD:1TB / Windows 11 Home / ブラック ],149800,https://shop.tsukumo.co.jp/goods/0406654968015/,https://cdn.tsukumo.co.jp/image/item/0406654968015_1.jpg
Motherboard,MSI PRO B760-P WIFI DDR4 【PCIe 4.0対応】,24763,https://shop.tsukumo.co.jp/goods/4526541045059/,https://cdn.tsukumo.co.jp/image/item/4526541045059_1.jpg
Notebook,MSI Modern-14-C12M-605JP　[ 14型 / フルHD / i7-1255U / RAM:16GB / SSD:512GB / Windows 11 Home / アーバンシルバー ],89800,https://shop.tsukumo.co.jp/goods/0406652981016/,https://cdn.tsukumo.co.jp/image/item/0406652981016_1.jpg
Other,MSI B560M-A PRO,8778,https://shop.tsukumo.co.jp/goods/4526541741111/,https://cdn.tsukumo.co.jp/image/item/4526541741111_1.jpg
Motherboard,MSI MAG B460M BAZOOKA,11800,https://shop.tsukumo.co.jp/goods/4526541740503/,https://cdn.tsukumo.co.jp/image/item/4526541740503_1.jpg
Graphics Card,MSI Radeon RX 550 AERO ITX 4G OC,8503,https://shop.tsukumo.co.jp/goods/0824142146347/,https://cdn.tsukumo.co.jp/image/item/0824142146347_1.jpg
Graphics Card,MSI GeForce RTX 4070 Ti SUPER 16G GAMING X SLIM WHITE,167800,https://shop.tsukumo.co.jp/goods/0824142347041/,https://cdn.tsukumo.co.jp/image/item/0824142347041_1.jpg
Graphics Card,MSI GeForce RTX 2070 GAMING 8G,52980,https://shop.tsukumo.co.jp/goods/0405763657018/,https://cdn.tsukumo.co.jp/image/item/0405763657018_1.jpg
Graphics Card,MSI GeForce GTX 1660 VENTUS XS 6G OC,22980,https://shop.tsukumo.co.jp/goods/0824142179864/,https://cdn.tsukumo.co.jp/image/item/0824142179864_1.jpg
Other,MSI SPATIUM M460 PCIe 4.0 NVMe M.2 1TB　S78-440L930-P83,10880,https://shop.tsukumo.co.jp/goods/0824142304204/,https://cdn.tsukumo.co.jp/image/item/0824142304204_1.jpg
Motherboard,MSI MAG B760 TOMAHAWK WIFI 【PCIe 5.0対応】,31282,https://shop.tsukumo.co.jp/goods/4526541045257/,https://cdn.tsukumo.co.jp/image/item/4526541045257_1.jpg
Graphics Card,MSI ゲーミングPC MPG Trident AS AI 2NVL5-024JP [Core Ultra 5 225F /RTX5060 /RAM:16GB /SSD:1TB /Windows 11 Home],238000,https://shop.tsukumo.co.jp/goods/0409091303012/,https://cdn.tsukumo.co.jp/image/item/0409091303012_1.jpg
Motherboard,MSI MPG X570S CARBON MAX WIFI,45980,https://shop.tsukumo.co.jp/goods/4526541040269/,https://cdn.tsukumo.co.jp/image/item/4526541040269_1.jpg
Other,MSI A320M GAMING PRO,8228,https://shop.tsukumo.co.jp/goods/4526541703911/,https://cdn.tsukumo.co.jp/image/item/4526541703911_1.jpg
Cooler,MSI MAG CORELIQUID M240,8980,https://shop.tsukumo.co.jp/goods/4526541045035/,https://cdn.tsukumo.co.jp/image/item/4526541045035_1.jpg
Notebook,MSI Prestige-14-A12SC-239JP　[ 14型 / フルHD / i7-1280P / GTX1650 Max-Q / RAM:16GB / SSD:512GB / Windows 11 Home / ブルーストーン ],99980,https://shop.tsukumo.co.jp/goods/0406653045014/,https://cdn.tsukumo.co.jp/image/item/0406653045014_1.jpg
Motherboard,MSI MEG Z590 GODLIKE,26980,https://shop.tsukumo.co.jp/goods/4526541740855/,https://cdn.tsukumo.co.jp/image/item/4526541740855_1.jpg
Monitor,MSI Raider-GE78HX-13VH-329JP　[ 17型 / WQXGA(240Hz) / i9-13950HX / RTX4080 / RAM:32GB / SSD:2TB / Windows 11 Home / コアブラック ],299800,https://shop.tsukumo.co.jp/goods/0406654965014/,https://cdn.tsukumo.co.jp/image/item/0406654965014_1.jpg
Case,MSI MAG Forge 100M / ミドルタワー / ATX対応,7678,https://shop.tsukumo.co.jp/goods/4526541725968/,https://cdn.tsukumo.co.jp/image/item/4526541725968_1.jpg
Graphics Card,MSI GTX1650搭載 4GB グラフィックボード GeForce GTX 1650 D6 AERO ITX OCV2,26950,https://shop.tsukumo.co.jp/goods/0824142235867/,https://cdn.tsukumo.co.jp/image/item/0824142235867_1.jpg
PSU,MSI MAG A650BN EVA e-PROJECT,5980,https://shop.tsukumo.co.jp/goods/0401549143010/,https://cdn.tsukumo.co.jp/image/item/0401549143010_1.jpg
Other,MSI SPATIUM M371　S78-440K160-P83 [M.2 NVMe 内蔵SSD / 500GB / PCIe Gen3x4 / SPATIUM M371 PCIe 3.0 NVMe M.2シリーズ / 国内正規代理店品],4980,https://shop.tsukumo.co.jp/goods/0824142304006/,https://cdn.tsukumo.co.jp/image/item/0824142304006_1.jpg
Monitor,MSI Sword-17-HX-B14VFKG-4619JP　[ 17型 / WQXGA(240Hz) / i7-14700HX / RTX4060 / RAM:32GB / SSD:1TB / Windows 11 Pro / コスモスグレイ ],296800,https://shop.tsukumo.co.jp/goods/0406657319012/,https://cdn.tsukumo.co.jp/image/item/0406657319012_1.jpg
Other,MSI SPATIUM M450 PCIe 4.0 NVMe M.2 1TB,7880,https://shop.tsukumo.co.jp/goods/0824142396803/,https://cdn.tsukumo.co.jp/image/item/0824142396803_1.jpg
Other,MSI WF66-11UI-1212JP WF66 Workstation　[ 15.6型 / フルHD / i7-11800H / NVIDIA T1200 / RAM:16GB / SSD:512GB / Windows 11 Pro / ブラック ],129800,https://shop.tsukumo.co.jp/goods/0406651737010/,https://cdn.tsukumo.co.jp/image/item/0406651737010_1.jpg
Graphics Card,MSI GeForce RTX 4060 Ti VENTUS 2X BLACK 16G OC,85800,https://shop.tsukumo.co.jp/goods/0824142332078/,https://cdn.tsukumo.co.jp/image/item/0824142332078_1.jpg
Graphics Card,MSI GeForce RTX 5060 Ti 8G VENTUS 2X OC PLUS,60800,https://shop.tsukumo.co.jp/goods/4711377338868/,https://cdn.tsukumo.co.jp/image/item/4711377338868_1.jpg
Graphics Card,MSI GeForce RTX 5070 Ti 16G VANGUARD SOC LAUNCH EDITION,195980,https://shop.tsukumo.co.jp/goods/4711377298384/,https://cdn.tsukumo.co.jp/image/item/4711377298384_1.jpg
Other,MSI B365M PRO-VH,5478,https://shop.tsukumo.co.jp/goods/4526541725852/,https://cdn.tsukumo.co.jp/image/item/4526541725852_1.jpg
Graphics Card,MSI GeForce RTX 4080 SUPER 16G VENTUS 3X OC,186800,https://shop.tsukumo.co.jp/goods/0824142346587/,https://cdn.tsukumo.co.jp/image/item/0824142346587_1.jpg
Motherboard,MSI Z370 GAMING PLUS　IntelCPU用,6578,https://shop.tsukumo.co.jp/goods/4526542716101/,https://cdn.tsukumo.co.jp/image/item/4526542716101_1.jpg
Graphics Card,MSI GeForce GTX 1660 SUPER AERO ITX OC,24979,https://shop.tsukumo.co.jp/goods/0824142199763/,https://cdn.tsukumo.co.jp/image/item/0824142199763_1.jpg
Motherboard,MSI MAG B560M BAZOOKA,15400,https://shop.tsukumo.co.jp/goods/4526541741067/,https://cdn.tsukumo.co.jp/image/item/4526541741067_1.jpg
Notebook,MSI Modern-14-C12M-603JP　[ 14型 / フルHD / i7-1255U / RAM:8GB / SSD:512GB / Windows 11 Home / MS Office H&B / アーバンシルバー ],99800,https://shop.tsukumo.co.jp/goods/0406652980019/,https://cdn.tsukumo.co.jp/image/item/0406652980019_1.jpg
Motherboard,MSI MAG Z590 TOMAHAWK WIFI,14278,https://shop.tsukumo.co.jp/goods/4526541740978/,https://cdn.tsukumo.co.jp/image/item/4526541740978_1.jpg
Graphics Card,MSI GeForce RTX 2070 AERO ITX 8G,43978,https://shop.tsukumo.co.jp/goods/4537694267915/,https://cdn.tsukumo.co.jp/image/item/4537694267915_1.jpg
Motherboard,MSI MEG Z490I UNIFY,16478,https://shop.tsukumo.co.jp/goods/4526541740459/,https://cdn.tsukumo.co.jp/image/item/4526541740459_1.jpg
Other,MSI FORCE GC30 V2 WHITE 有線/無線 両対応 ゲームコントローラー,6260,https://shop.tsukumo.co.jp/goods/0824142253595/,https://cdn.tsukumo.co.jp/image/item/0824142253595_1.jpg
Other,MSI H410M PRO,6578,https://shop.tsukumo.co.jp/goods/4526541740558/,https://cdn.tsukumo.co.jp/image/item/4526541740558_1.jpg
Graphics Card,MSI GeForce RTX 5080 16G VENTUS 3X OC,209800,https://shop.tsukumo.co.jp/goods/4711377309219/,https://cdn.tsukumo.co.jp/image/item/4711377309219_1.jpg
Graphics Card,MSI ゲーミングPC MAG Infinite S3 14NUC5-2069JP [i5-14400F /RTX4060 /RAM:16GB /SSD:1TB /Windows 11 Home],214800,https://shop.tsukumo.co.jp/goods/0406658367012/,https://cdn.tsukumo.co.jp/image/item/0406658367012_1.jpg
Graphics Card,MSI GeForce GTX 1650 4GT LP,23800,https://shop.tsukumo.co.jp/goods/4537694273800/,https://cdn.tsukumo.co.jp/image/item/4537694273800_1.jpg
Other,MSI RX6900XT搭載 16GB グラフィックボード Radeon RX 6900 XT GAMING X TRIO 16G,130449,https://shop.tsukumo.co.jp/goods/0824142240076/,https://cdn.tsukumo.co.jp/image/item/0824142240076_1.jpg
Motherboard,MSI B450M MORTAR TITANIUM,14608,https://shop.tsukumo.co.jp/goods/4526541730245/,https://cdn.tsukumo.co.jp/image/item/4526541730245_1.jpg
Motherboard,MSI B760M GAMING PLUS WIFI DDR4　【PCIe 4.0対応】,20770,https://shop.tsukumo.co.jp/goods/4526541054921/,https://cdn.tsukumo.co.jp/image/item/4526541054921_1.jpg
Motherboard,MSI B760M PROJECT ZERO,26980,https://shop.tsukumo.co.jp/goods/4526541048265/,https://cdn.tsukumo.co.jp/image/item/4526541048265_1.jpg
Graphics Card,MSI GeForce RTX 3060 AERO ITX 12G,46800,https://shop.tsukumo.co.jp/goods/0824142250143/,https://cdn.tsukumo.co.jp/image/item/0824142250143_1.jpg
Other,MSI SPATIUM S270 SATA 2.5 240GB,2580,https://shop.tsukumo.co.jp/goods/0824142297728/,https://cdn.tsukumo.co.jp/image/item/0824142297728_1.jpg
Motherboard,MSI PRO Z690-A WIFI 【DDR5対応】,20980,https://shop.tsukumo.co.jp/goods/4526541040146/,https://cdn.tsukumo.co.jp/image/item/4526541040146_1.jpg
Motherboard,MSI PRO B660M-A DDR4 【DDR4対応】,19980,https://shop.tsukumo.co.jp/goods/4526541041082/,https://cdn.tsukumo.co.jp/image/item/4526541041082_1.jpg
Other,MSI Radeon RX 6600 XT MECH 2X 8G OC,61800,https://shop.tsukumo.co.jp/goods/0824142261408/,https://cdn.tsukumo.co.jp/image/item/0824142261408_1.jpg
Other,MSI B450M PRO-M2 MAX,6578,https://shop.tsukumo.co.jp/goods/4526541725883/,https://cdn.tsukumo.co.jp/image/item/4526541725883_1.jpg
Other,MSI FORCE GC30 V2 有線/無線 両対応 ゲームコントローラー,6580,https://shop.tsukumo.co.jp/goods/0824142173305/,https://cdn.tsukumo.co.jp/image/item/0824142173305_1.jpg
Other,MSI SPATIUM M480 PRO PCIe 4.0 NVMe M.2 2TB　S78-440Q600-P83,22380,https://shop.tsukumo.co.jp/goods/0824142326923/,https://cdn.tsukumo.co.jp/image/item/0824142326923_1.jpg
Other,MSI Radeon RX 5700 8G,48378,https://shop.tsukumo.co.jp/goods/4537694274272/,https://cdn.tsukumo.co.jp/image/item/4537694274272_1.jpg
Other,MSI SPATIUM M371　S78-440L870-P83 [M.2 NVMe 内蔵SSD / 1TB / PCIe Gen3x4 / SPATIUM M371 PCIe 3.0 NVMe M.2シリーズ / 国内正規代理店品],7780,https://shop.tsukumo.co.jp/goods/0824142304013/,https://cdn.tsukumo.co.jp/image/item/0824142304013_1.jpg
Monitor,MSI Stealth-16Studio-A13VF-759JP　Stealth 16 Studio A13V　[ 16型 / WQXGA(240Hz) / i7-13700H / RTX4060 / RAM:32GB / SSD:1TB / Windows 11 Pro / ホワイト ],249800,https://shop.tsukumo.co.jp/goods/0406655232016/,https://cdn.tsukumo.co.jp/image/item/0406655232016_1.jpg
Motherboard,MSI MPG X570 GAMING PLUS,16478,https://shop.tsukumo.co.jp/goods/4526541725760/,https://cdn.tsukumo.co.jp/image/item/4526541725760_1.jpg
Motherboard,MSI MPG Z690 CARBON WIFI 【DDR5対応】,52680,https://shop.tsukumo.co.jp/goods/4526541040085/,https://cdn.tsukumo.co.jp/image/item/4526541040085_1.jpg
Motherboard,MSI MPG Z490M GAMING EDGE WIFI,21978,https://shop.tsukumo.co.jp/goods/4526541740442/,https://cdn.tsukumo.co.jp/image/item/4526541740442_1.jpg
Other,MSI Radeon RX 6600 XT GAMING X 8G,69850,https://shop.tsukumo.co.jp/goods/0824142262269/,https://cdn.tsukumo.co.jp/image/item/0824142262269_1.jpg
Other,MSI N730K-1GD5LP/OCV1 GT730搭載 1GB グラフィックボード,6578,https://shop.tsukumo.co.jp/goods/4537694222310/,https://cdn.tsukumo.co.jp/image/item/4537694222310_1.jpg
Other,MSI B350M GAMING PRO,2178,https://shop.tsukumo.co.jp/goods/4526541703904/,https://cdn.tsukumo.co.jp/image/item/4526541703904_1.jpg
Motherboard,MSI B450M MORTAR MAX,9900,https://shop.tsukumo.co.jp/goods/4526541725920/,https://cdn.tsukumo.co.jp/image/item/4526541725920_1.jpg
Notebook,MSI Summit-E16Flip-A13VFT-4089JP　[ 16型 / WQXGA(165Hz) タッチパネル / i7-1360P / RTX4060 / RAM:32GB / SSD:1TB / Windows 11 Pro / インクブラック ],242800,https://shop.tsukumo.co.jp/goods/0406656917011/,https://cdn.tsukumo.co.jp/image/item/0406656917011_1.jpg
Graphics Card,MSI GeForce RTX 3080 GAMING Z TRIO 10G LHR,168300,https://shop.tsukumo.co.jp/goods/0824142259436/,https://cdn.tsukumo.co.jp/image/item/0824142259436_1.jpg
Motherboard,MSI H370 GAMING PLUS,7678,https://shop.tsukumo.co.jp/goods/4526541712203/,https://cdn.tsukumo.co.jp/image/item/4526541712203_1.jpg
Monitor,MSI Alpha-17-C7VG-3034JP　[ 17.3型 / WQHD(240Hz) / Ryzen 9 7945HX / RTX4070 / RAM:32GB / SSD:2TB / Windows 11 Home / コアブラック ],332800,https://shop.tsukumo.co.jp/goods/0406655711016/,https://cdn.tsukumo.co.jp/image/item/0406655711016_1.jpg
Notebook,MSI ゲーミングノート Stealth-A16-MercedesAMG-AI+A3XWGG-5065JP [16型 /Ryzen AI 9 HX 370 /RTX5070 /RAM:64GB /SSD:2TB /WQXGA (240Hz) /Windows 11 Pro /セレナイトグレー],476800,https://shop.tsukumo.co.jp/goods/0409091344015/,https://cdn.tsukumo.co.jp/image/item/0409091344015_1.jpg
Motherboard,MSI MAG H670 TOMAHAWK WIFI DDR4 【DDR4対応】,15980,https://shop.tsukumo.co.jp/goods/4526541041112/,https://cdn.tsukumo.co.jp/image/item/4526541041112_1.jpg
Graphics Card,MSI GeForce GTX 1650 SUPER VENTUS XS OC,27500,https://shop.tsukumo.co.jp/goods/0824142202166/,https://cdn.tsukumo.co.jp/image/item/0824142202166_1.jpg
Other,MSI Radeon RX 7600 MECH 2X CLASSIC 8G OC,46799,https://shop.tsukumo.co.jp/goods/0824142325810/,https://cdn.tsukumo.co.jp/image/item/0824142325810_1.jpg
Notebook,MSI Summit-E13FlipEvo-A13MT-048JP　[ 13.4型 / WUXGA(120Hz) タッチパネル / i7-1360P / RAM:32GB / SSD:1TB / Windows 11 Pro / インクブラック ],199800,https://shop.tsukumo.co.jp/goods/0406655121013/,https://cdn.tsukumo.co.jp/image/item/0406655121013_1.jpg
Motherboard,MSI B450 GAMING PLUS MAX,7986,https://shop.tsukumo.co.jp/goods/4526541725838/,https://cdn.tsukumo.co.jp/image/item/4526541725838_1.jpg
Graphics Card,MSI GeForce RTX 4080 SUPER 16G GAMING X SLIM,197800,https://shop.tsukumo.co.jp/goods/0824142346600/,https://cdn.tsukumo.co.jp/image/item/0824142346600_1.jpg
Other,MSI Radeon RX 5600 XT GAMING X,29800,https://shop.tsukumo.co.jp/goods/0824142205860/,https://cdn.tsukumo.co.jp/image/item/0824142205860_1.jpg
Motherboard,MSI MEG Z690I UNIFY 【DDR5対応】,38980,https://shop.tsukumo.co.jp/goods/4526541040078/,https://cdn.tsukumo.co.jp/image/item/4526541040078_1.jpg
Other,MSI Creator TRX40,88000,https://shop.tsukumo.co.jp/goods/4526541726057/,https://cdn.tsukumo.co.jp/image/item/4526541726057_1.jpg
Motherboard,MSI MEG Z690 ACE 【DDR5対応】,92979,https://shop.tsukumo.co.jp/goods/4526541040047/,https://cdn.tsukumo.co.jp/image/item/4526541040047_1.jpg
Motherboard,MSI MEG Z490 GODLIKE,87450,https://shop.tsukumo.co.jp/goods/4526541740367/,https://cdn.tsukumo.co.jp/image/item/4526541740367_1.jpg
Graphics Card,MSI GeForce GTX 1080 GAMING X 8G,76780,https://shop.tsukumo.co.jp/goods/4537694237253/,https://cdn.tsukumo.co.jp/image/item/4537694237253_1.jpg
Motherboard,MSI H510I PRO WIFI,15180,https://shop.tsukumo.co.jp/goods/4526541741173/,https://cdn.tsukumo.co.jp/image/item/4526541741173_1.jpg
Monitor,MSI Raider GE76-12UHS-221JP　[ 17.3型 (120Hz) / 4K / i9-12900HK / RTX3080Ti / RAM:64GB / SSD:2TB / Windows 11 Pro / チタニウムブルー ],629800,https://shop.tsukumo.co.jp/goods/0406652184011/,https://cdn.tsukumo.co.jp/image/item/0406652184011_1.jpg
Motherboard,MSI MPG X570 GAMING EDGE WIFI,26979,https://shop.tsukumo.co.jp/goods/4526541725753/,https://cdn.tsukumo.co.jp/image/item/4526541725753_1.jpg
Graphics Card,MSI GeForce RTX 3090 Ti SUPRIM X 24G,189800,https://shop.tsukumo.co.jp/goods/0401544057015/,https://cdn.tsukumo.co.jp/image/item/0401544057015_1.jpg
Graphics Card,MSI ゲーミングPC MAG Infinite S3 14NUE7-2081JP [i7-14700F /RTX4070SUPER /RAM:32GB /SSD:1TB /Windows 11 Home],358000,https://shop.tsukumo.co.jp/goods/0406658434011/,https://cdn.tsukumo.co.jp/image/item/0406658434011_1.jpg
Graphics Card,MSI ゲーミングPC MAG Infinite S3 14NUC7-2084JP [i7-14700F /RTX4060 /RAM:16GB /SSD:1TB /Windows 11 Home],239580,https://shop.tsukumo.co.jp/goods/0406658433014/,https://cdn.tsukumo.co.jp/image/item/0406658433014_1.jpg
Monitor,MSI Vector-GP68HX-12VH-779JP　[ 16型 / WQXGA (240Hz) / i9-12900HX / RTX4080 / RAM:16GB / SSD:1TB / Windows 11 Home / コスモスグレイ ],344800,https://shop.tsukumo.co.jp/goods/0406655262013/,https://cdn.tsukumo.co.jp/image/item/0406655262013_1.jpg
Other,MSI Radeon RX 5700 MECH GP OC,39490,https://shop.tsukumo.co.jp/goods/0824142200612/,https://cdn.tsukumo.co.jp/image/item/0824142200612_1.jpg
Monitor,MSI GP76-11UG-1023JP GP76 Leopard　[ 17.3型 (144Hz) / フルHD / i7-11800H / RTX3070 / RAM:16GB / SSD:1TB / Windows 11 Home / ブラック ],169800,https://shop.tsukumo.co.jp/goods/0406651736013/,https://cdn.tsukumo.co.jp/image/item/0406651736013_1.jpg
Motherboard,MSI MPG Z690 FORCE WIFI 【DDR5対応】,39980,https://shop.tsukumo.co.jp/goods/4526541040092/,https://cdn.tsukumo.co.jp/image/item/4526541040092_1.jpg
Motherboard,MSI MAG B550M MORTAR WIFI,22799,https://shop.tsukumo.co.jp/goods/4526541740671/,https://cdn.tsukumo.co.jp/image/item/4526541740671_1.jpg
PSU,MSI MPG A750GF,17980,https://shop.tsukumo.co.jp/goods/4526541740817/,https://cdn.tsukumo.co.jp/image/item/4526541740817_1.jpg
Graphics Card,MSI GeForce RTX 3050 AERO ITX 8G OC,39800,https://shop.tsukumo.co.jp/goods/0824142282892/,https://cdn.tsukumo.co.jp/image/item/0824142282892_1.jpg
Graphics Card,MSI GeForce RTX 3080 GAMING Z TRIO 12G LHR,160600,https://shop.tsukumo.co.jp/goods/0824142278666/,https://cdn.tsukumo.co.jp/image/item/0824142278666_1.jpg
Monitor,MSI Titan-GT77HX-13VI-1003JP　[ 17.3型 / 4K(144Hz) / i9-13980HX / RTX4090 / RAM:64GB / SSD:4TB / Windows 11 Pro / コアブラック ],499800,https://shop.tsukumo.co.jp/goods/0406654973019/,https://cdn.tsukumo.co.jp/image/item/0406654973019_1.jpg
Graphics Card,MSI GEFORCE RTX 3070 VENTUS 2X OC,98467,https://shop.tsukumo.co.jp/goods/0824142229132/,https://cdn.tsukumo.co.jp/image/item/0824142229132_1.jpg
Motherboard,MSI MAG A520M VECTOR WIFI,9900,https://shop.tsukumo.co.jp/goods/4526541740732/,https://cdn.tsukumo.co.jp/image/item/4526541740732_1.jpg
Motherboard,MSI MEG Z790 ACE 　【PCIe 5.0対応】,119279,https://shop.tsukumo.co.jp/goods/4526541044960/,https://cdn.tsukumo.co.jp/image/item/4526541044960_1.jpg
PSU,MSI Creator-Z16P-B12UGST-013JP　[ 16型 (165Hz) / WQXGA / i7-12700H / RTX 3070Ti / 32GB RAM / 1TB SSD / Windows 11 Pro / ルナグレー ],299800,https://shop.tsukumo.co.jp/goods/0406652003015/,https://cdn.tsukumo.co.jp/image/item/0406652003015_1.jpg
Motherboard,MSI B450 GAMING PLUS,12078,https://shop.tsukumo.co.jp/goods/4526541730238/,https://cdn.tsukumo.co.jp/image/item/4526541730238_1.jpg
Monitor,MSI Katana-15-B12VGK-039JP　[ 15.6型 / フルHD(144Hz) / i7-12650H / RTX4070 / RAM:16GB / SSD:1TB / Windows 11 Home / ブラック ],233800,https://shop.tsukumo.co.jp/goods/0406654969012/,https://cdn.tsukumo.co.jp/image/item/0406654969012_1.jpg
Monitor,MSI Titan-18-HX-A14VHG-4103JP　[ 18型 / UHD+(120Hz) / i9-14900HX / RTX4080 / RAM:64GB / SSD:2TB / Windows 11 Pro / マウス付属 / コアブラック ],683800,https://shop.tsukumo.co.jp/goods/0406657051011/,https://cdn.tsukumo.co.jp/image/item/0406657051011_1.jpg
Cooler,MSI MAG CORELIQUID C240 EVA e-PROJECT,22737,https://shop.tsukumo.co.jp/goods/4526541041365/,https://cdn.tsukumo.co.jp/image/item/4526541041365_1.jpg
Graphics Card,MSI GeForce RTX 3060 Ti GAMING X 8G LHR,75500,https://shop.tsukumo.co.jp/goods/0824142259276/,https://cdn.tsukumo.co.jp/image/item/0824142259276_1.jpg
Monitor,MSI Katana-15-B13VFK-879JP　Katana 15 B13V　[ 15.6型 / WQHD(165Hz) / i9-13900H / RTX4060 / RAM:32GB / SSD:1TB / Windows 11 Home / ブラック ],269800,https://shop.tsukumo.co.jp/goods/0406655235017/,https://cdn.tsukumo.co.jp/image/item/0406655235017_1.jpg
Motherboard,MSI B550-A PRO,17755,https://shop.tsukumo.co.jp/goods/4526541740701/,https://cdn.tsukumo.co.jp/image/item/4526541740701_1.jpg
Graphics Card,MSI GeForce RTX 3060 Ti GAMING X TRIO 8GD6X,76800,https://shop.tsukumo.co.jp/goods/0824142307489/,https://cdn.tsukumo.co.jp/image/item/0824142307489_1.jpg
Motherboard,MSI MAG B660M MORTAR WIFI 【DDR5対応】,13979,https://shop.tsukumo.co.jp/goods/4526541040818/,https://cdn.tsukumo.co.jp/image/item/4526541040818_1.jpg
Graphics Card,MSI GeForce RTX 4060 Ti GAMING X 16G,84800,https://shop.tsukumo.co.jp/goods/0824142332245/,https://cdn.tsukumo.co.jp/image/item/0824142332245_1.jpg
Graphics Card,MSI Radeon RX 550 AERO ITX 4G J OC,10340,https://shop.tsukumo.co.jp/goods/0824142231265/,https://cdn.tsukumo.co.jp/image/item/0824142231265_1.jpg
Graphics Card,MSI GT 710 1GD3H LP GT710搭載 1GB グラフィックボード,4979,https://shop.tsukumo.co.jp/goods/4537694234719/,https://cdn.tsukumo.co.jp/image/item/4537694234719_1.jpg
Graphics Card,MSI Trident AS 14NUE7-680JP　[ i7-14700F / RTX4070 SUPER / RAM:16GB / SSD:1TB / Windows 11 Home ],358000,https://shop.tsukumo.co.jp/goods/0406657411013/,https://cdn.tsukumo.co.jp/image/item/0406657411013_1.jpg
Other,MSI SPATIUM M461 PCIe 4.0 NVMe M.2 2TB　S78-440Q550-P83,20980,https://shop.tsukumo.co.jp/goods/0824142313831/,https://cdn.tsukumo.co.jp/image/item/0824142313831_1.jpg
Graphics Card,MSI GeForce RTX 4070 Ti GAMING X SLIM 12G,147800,https://shop.tsukumo.co.jp/goods/0824142327647/,https://cdn.tsukumo.co.jp/image/item/0824142327647_1.jpg
Other,MSI SPATIUM M570 PRO PCIe 5.0 NVMe M.2 2TB FROZR,36201,https://shop.tsukumo.co.jp/goods/0824142339541/,https://cdn.tsukumo.co.jp/image/item/0824142339541_1.jpg
Graphics Card,MSI Trident AS 14NUC5-682JP　[ i5-14400F / RTX4060 / RAM:16GB / SSD:1TB / Windows 11 Home ],194769,https://shop.tsukumo.co.jp/goods/0406657895011/,https://cdn.tsukumo.co.jp/image/item/0406657895011_1.jpg
Graphics Card,MSI GeForce RTX 3070 GAMING TRIO PLUS 8G LHR,82500,https://shop.tsukumo.co.jp/goods/0824142261750/,https://cdn.tsukumo.co.jp/image/item/0824142261750_1.jpg
Graphics Card,MSI GeForce RTX 2070 AERO ITX 8G V1,32978,https://shop.tsukumo.co.jp/goods/0824142178423/,https://cdn.tsukumo.co.jp/image/item/0824142178423_1.jpg
Graphics Card,MSI RTX3070搭載 8GB グラフィックボード GeForce RTX 3070 GAMING Z TRIO,120191,https://shop.tsukumo.co.jp/goods/0824142251577/,https://cdn.tsukumo.co.jp/image/item/0824142251577_1.jpg
Monitor,MSI Vector-GP77-13VG-1024JP　[ 17.3型 / WQHD(240Hz) / i7-13700H / RTX4070 / RAM:32GB / SSD:2TB / Windows 11 Home / コアブラック ],359800,https://shop.tsukumo.co.jp/goods/0406654966011/,https://cdn.tsukumo.co.jp/image/item/0406654966011_1.jpg
Motherboard,MSI MEG X570 UNIFY,42000,https://shop.tsukumo.co.jp/goods/4526541726026/,https://cdn.tsukumo.co.jp/image/item/4526541726026_1.jpg
Graphics Card,MSI GeForce RTX 4060 Ti 8G VENTUS 2X BLACK E1 OC,73800,https://shop.tsukumo.co.jp/goods/0824142365502/,https://cdn.tsukumo.co.jp/image/item/0824142365502_1.jpg
Graphics Card,MSI GeForce RTX 3050 VENTUS 2X XS 8G OC BULK,32980,https://shop.tsukumo.co.jp/goods/0401542411017/,https://cdn.tsukumo.co.jp/image/item/0401542411017_1.jpg
Graphics Card,MSI GeForce GTX 1650 SUPER AERO ITX OC,26400,https://shop.tsukumo.co.jp/goods/0824142202173/,https://cdn.tsukumo.co.jp/image/item/0824142202173_1.jpg
Graphics Card,MSI GeForce RTX 4080 16GB SUPRIM X,229801,https://shop.tsukumo.co.jp/goods/0824142306338/,https://cdn.tsukumo.co.jp/image/item/0824142306338_1.jpg
Graphics Card,MSI MAG Codex 6 14NUC5-067JP　[ i5-14400F / RTX4060 / RAM:16GB / SSD:1TB / Windows 11 Home ],198000,https://shop.tsukumo.co.jp/goods/0406657158017/,https://cdn.tsukumo.co.jp/image/item/0406657158017_1.jpg
Notebook,MSI Summit-E16Flip-A13VFT-306JP　[ 16型 / WQXGA(165Hz) タッチパネル / i7-1360P / RTX4060 / RAM:32GB / SSD:1TB / Windows 11 Pro / インクブラック ],242800,https://shop.tsukumo.co.jp/goods/0406655233013/,https://cdn.tsukumo.co.jp/image/item/0406655233013_1.jpg
Motherboard,MSI RX6700XT搭載 12GB グラフィックボード Radeon RX 6700 XT GAMING X 12G,62379,https://shop.tsukumo.co.jp/goods/0824142245187/,https://cdn.tsukumo.co.jp/image/item/0824142245187_1.jpg
Motherboard,MSI MPG X570 GAMING PRO CARBON WIFI,34980,https://shop.tsukumo.co.jp/goods/4526541725746/,https://cdn.tsukumo.co.jp/image/item/4526541725746_1.jpg
Motherboard,MSI MEG X570 GODLIKE,96580,https://shop.tsukumo.co.jp/goods/4526541725715/,https://cdn.tsukumo.co.jp/image/item/4526541725715_1.jpg
Graphics Card,MSI GeForce RTX 4070 VENTUS 2X E 12G OC,102800,https://shop.tsukumo.co.jp/goods/0824142336076/,https://cdn.tsukumo.co.jp/image/item/0824142336076_1.jpg
Other,MSI Radeon RX 590 ARMOR 8G OC,21978,https://shop.tsukumo.co.jp/goods/4537694270366/,https://cdn.tsukumo.co.jp/image/item/4537694270366_1.jpg
Graphics Card,MSI GeForce RTX 4060 Ti VENTUS 3X 8G OC,73948,https://shop.tsukumo.co.jp/goods/0824142325636/,https://cdn.tsukumo.co.jp/image/item/0824142325636_1.jpg
Other,MSI SPATIUM M480　S78-440Q150-P83 [M.2 NVMe 内蔵SSD / 2TB / PCIe Gen4x4 / SPATIUM M480 PCIe 4.0 NVMe M.2シリーズ / 国内正規代理店品],49500,https://shop.tsukumo.co.jp/goods/0824142245224/,https://cdn.tsukumo.co.jp/image/item/0824142245224_1.jpg
Graphics Card,MSI Trident AS 14NUC7-681JP　[ i7-14700F / RTX4060 / RAM:16GB / SSD:1TB / Windows 11 Home ],268000,https://shop.tsukumo.co.jp/goods/0406657894014/,https://cdn.tsukumo.co.jp/image/item/0406657894014_1.jpg
Notebook,MSI Claw Travel Case II,5399,https://shop.tsukumo.co.jp/goods/0406622049012/,https://cdn.tsukumo.co.jp/image/item/0406622049012_1.jpg
PSU,MSI 8インチ MSI Claw Tempered Glass Screen Protector,1760,https://shop.tsukumo.co.jp/goods/0406622050018/,https://cdn.tsukumo.co.jp/image/item/0406622050018_1.jpg
Notebook,MSI CLAW アクセサリーキット,5250,https://shop.tsukumo.co.jp/goods/0406621372012/,https://cdn.tsukumo.co.jp/image/item/0406621372012_1.jpg
Graphics Card,MSI GeForce RTX 3050 VENTUS 2X XS 8G OC,39299,https://shop.tsukumo.co.jp/goods/0824142319192/,https://cdn.tsukumo.co.jp/image/item/0824142319192_1.jpg
Other,MSI Radeon RX 6750 XT GAMING X TRIO 12G,56980,https://shop.tsukumo.co.jp/goods/0401546345011/,https://cdn.tsukumo.co.jp/image/item/0401546345011_1.jpg
Graphics Card,MSI GeForce RTX 4060 Ti GAMING X TRIO 8G,79800,https://shop.tsukumo.co.jp/goods/0824142325612/,https://cdn.tsukumo.co.jp/image/item/0824142325612_1.jpg
Graphics Card,MSI GeForce RTX 4060 Ti GAMING X 8G,73800,https://shop.tsukumo.co.jp/goods/0824142325629/,https://cdn.tsukumo.co.jp/image/item/0824142325629_1.jpg
Graphics Card,MSI GeForce RTX 4080 16GB VENTUS 3X,209800,https://shop.tsukumo.co.jp/goods/0824142306376/,https://cdn.tsukumo.co.jp/image/item/0824142306376_1.jpg
Graphics Card,MSI GeForce RTX 3070 GAMING Z TRIO 8G LHR,87389,https://shop.tsukumo.co.jp/goods/0401544042011/,https://cdn.tsukumo.co.jp/image/item/0401544042011_1.jpg
Other,MSI Radeon RX 6750 XT MECH 2X 12G OC,91513,https://shop.tsukumo.co.jp/goods/0824142288764/,https://cdn.tsukumo.co.jp/image/item/0824142288764_1.jpg
Other,MSI Radeon RX 6650 XT GAMING X 8G,70605,https://shop.tsukumo.co.jp/goods/0824142290231/,https://cdn.tsukumo.co.jp/image/item/0824142290231_1.jpg
Other,MSI Radeon RX 6650 XT MECH 2X 8G OC,49200,https://shop.tsukumo.co.jp/goods/0824142290248/,https://cdn.tsukumo.co.jp/image/item/0824142290248_1.jpg
Graphics Card,MSI GeForce RTX 3080 VENTUS 3X PLUS 12G OC LHR,155980,https://shop.tsukumo.co.jp/goods/0824142278673/,https://cdn.tsukumo.co.jp/image/item/0824142278673_1.jpg
Other,MSI Radeon RX 6800 XT GAMING Z TRIO 16G,159500,https://shop.tsukumo.co.jp/goods/0824142248898/,https://cdn.tsukumo.co.jp/image/item/0824142248898_1.jpg
Motherboard,MSI MPG Z690 EDGE WIFI 【DDR5対応】,48979,https://shop.tsukumo.co.jp/goods/4526541040108/,https://cdn.tsukumo.co.jp/image/item/4526541040108_1.jpg
Graphics Card,MSI GeForce RTX 3050 VENTUS 2X 8G OC,41800,https://shop.tsukumo.co.jp/goods/0824142281987/,https://cdn.tsukumo.co.jp/image/item/0824142281987_1.jpg
Motherboard,MSI MAG B660M MORTAR WIFI DDR4 【DDR4対応】,15980,https://shop.tsukumo.co.jp/goods/4526541040801/,https://cdn.tsukumo.co.jp/image/item/4526541040801_1.jpg
Other,MSI SPATIUM M390 NVMe M.2 500GB　S78-440K070-P83,7480,https://shop.tsukumo.co.jp/goods/0824142266939/,https://cdn.tsukumo.co.jp/image/item/0824142266939_1.jpg
Other,MSI SPATIUM M390 NVMe M.2 1TB　S78-440L650-P83,14850,https://shop.tsukumo.co.jp/goods/0824142266946/,https://cdn.tsukumo.co.jp/image/item/0824142266946_1.jpg
Motherboard,MSI MAG Z690 TOMAHAWK WIFI 【DDR5対応】,43980,https://shop.tsukumo.co.jp/goods/4526541040313/,https://cdn.tsukumo.co.jp/image/item/4526541040313_1.jpg
Cooler,MSI MAG CoreLiquid 240R V2,14980,https://shop.tsukumo.co.jp/goods/4526541039072/,https://cdn.tsukumo.co.jp/image/item/4526541039072_1.jpg
Motherboard,MSI MPG Z690 EDGE WIFI DDR4 【DDR4対応】,46979,https://shop.tsukumo.co.jp/goods/4526541040115/,https://cdn.tsukumo.co.jp/image/item/4526541040115_1.jpg
Motherboard,MSI MAG Z690 TOMAHAWK WIFI DDR4 【DDR4対応】,23980,https://shop.tsukumo.co.jp/goods/4526541040139/,https://cdn.tsukumo.co.jp/image/item/4526541040139_1.jpg
Other,MSI Radeon RX 6600 MECH 2X 8G,52100,https://shop.tsukumo.co.jp/goods/0824142269091/,https://cdn.tsukumo.co.jp/image/item/0824142269091_1.jpg
Graphics Card,MSI GeForce RTX 3080 VENTUS 3X PLUS 10G OC LHR,145626,https://shop.tsukumo.co.jp/goods/0824142266687/,https://cdn.tsukumo.co.jp/image/item/0824142266687_1.jpg
Motherboard,MSI MAG X570S TOMAHAWK MAX WIFI,38280,https://shop.tsukumo.co.jp/goods/4526541039669/,https://cdn.tsukumo.co.jp/image/item/4526541039669_1.jpg
Other,MSI MAG X570S TORPEDO MAX,34279,https://shop.tsukumo.co.jp/goods/4526541039676/,https://cdn.tsukumo.co.jp/image/item/4526541039676_1.jpg
Graphics Card,MSI GeForce RTX 3080 SEA HAWK X 10G LHR,174900,https://shop.tsukumo.co.jp/goods/0824142263921/,https://cdn.tsukumo.co.jp/image/item/0824142263921_1.jpg
Other,MSI SPATIUM M480　S78-440L490-P83 [M.2 NVMe 内蔵SSD / 1TB / PCIe Gen4x4 / SPATIUM M480 PCIe 4.0 NVMe M.2シリーズ / 国内正規代理店品],25520,https://shop.tsukumo.co.jp/goods/0824142245217/,https://cdn.tsukumo.co.jp/image/item/0824142245217_1.jpg
Graphics Card,MSI GeForce GTX 1660 Ti ARMOR 6G OC,47850,https://shop.tsukumo.co.jp/goods/0824142178560/,https://cdn.tsukumo.co.jp/image/item/0824142178560_1.jpg
Motherboard,MSI MPG Z590M GAMING EDGE WIFI,15980,https://shop.tsukumo.co.jp/goods/4526541740961/,https://cdn.tsukumo.co.jp/image/item/4526541740961_1.jpg
Graphics Card,MSI GeForce RTX 3070 SUPRIM SE 8G LHR x GODZILLA,118800,https://shop.tsukumo.co.jp/goods/0824142259399/,https://cdn.tsukumo.co.jp/image/item/0824142259399_1.jpg
Other,MSI RX6900XT搭載 16GB グラフィックボード Radeon RX 6900 XT GAMING Z TRIO 16G,101706,https://shop.tsukumo.co.jp/goods/0824142255896/,https://cdn.tsukumo.co.jp/image/item/0824142255896_1.jpg
Graphics Card,MSI GeForce RTX 3080 Ti SUPRIM X 12G,219780,https://shop.tsukumo.co.jp/goods/0824142251195/,https://cdn.tsukumo.co.jp/image/item/0824142251195_1.jpg
Graphics Card,MSI GTX1660搭載 6GB グラフィックボード GeForce GTX 1660 SUPER GAMING X,66000,https://shop.tsukumo.co.jp/goods/0824142200278/,https://cdn.tsukumo.co.jp/image/item/0824142200278_1.jpg
Motherboard,MSI RX6700XT搭載 12GB グラフィックボード Radeon RX 6700 XT MECH 2X 12G OC,89600,https://shop.tsukumo.co.jp/goods/0824142245163/,https://cdn.tsukumo.co.jp/image/item/0824142245163_1.jpg
Motherboard,MSI MPG B560I GAMING EDGE WIFI,22880,https://shop.tsukumo.co.jp/goods/4526541741135/,https://cdn.tsukumo.co.jp/image/item/4526541741135_1.jpg
Motherboard,MSI MAG B560M MORTAR WIFI,21880,https://shop.tsukumo.co.jp/goods/4526541741043/,https://cdn.tsukumo.co.jp/image/item/4526541741043_1.jpg
Motherboard,MSI MAG B560 TOMAHAWK WIFI,23579,https://shop.tsukumo.co.jp/goods/4526541741029/,https://cdn.tsukumo.co.jp/image/item/4526541741029_1.jpg
Other,MSI MAG B560 TORPEDO,22000,https://shop.tsukumo.co.jp/goods/4526541741036/,https://cdn.tsukumo.co.jp/image/item/4526541741036_1.jpg
Graphics Card,MSI RTX3080搭載 10GB グラフィックボード GeForce RTX 3080 GAMING Z TRIO 10G,173800,https://shop.tsukumo.co.jp/goods/0824142242971/,https://cdn.tsukumo.co.jp/image/item/0824142242971_1.jpg
Motherboard,MSI MPG Z590 GAMING EDGE WIFI,14980,https://shop.tsukumo.co.jp/goods/4526541740947/,https://cdn.tsukumo.co.jp/image/item/4526541740947_1.jpg
Motherboard,MSI MPG Z590 GAMING PLUS,17578,https://shop.tsukumo.co.jp/goods/4526541740954/,https://cdn.tsukumo.co.jp/image/item/4526541740954_1.jpg
Motherboard,MSI MEG Z590 ACE,46000,https://shop.tsukumo.co.jp/goods/4526541740862/,https://cdn.tsukumo.co.jp/image/item/4526541740862_1.jpg
Motherboard,MSI RX6700XT搭載 12GB グラフィックボード Radeon RX 6700 XT MECH 2X 12G,59980,https://shop.tsukumo.co.jp/goods/0824142245170/,https://cdn.tsukumo.co.jp/image/item/0824142245170_1.jpg
Other,MSI Radeon RX 5500 XT GAMING X 8G J,38500,https://shop.tsukumo.co.jp/goods/4537694293860/,https://cdn.tsukumo.co.jp/image/item/4537694293860_1.jpg
Motherboard,MSI MPG Z590 GAMING CARBON WIFI,34980,https://shop.tsukumo.co.jp/goods/4526541740909/,https://cdn.tsukumo.co.jp/image/item/4526541740909_1.jpg
Other,MSI MPG Z590 GAMING FORCE,33990,https://shop.tsukumo.co.jp/goods/4526541740923/,https://cdn.tsukumo.co.jp/image/item/4526541740923_1.jpg
Other,MSI Z590-A PRO,23430,https://shop.tsukumo.co.jp/goods/4526541741005/,https://cdn.tsukumo.co.jp/image/item/4526541741005_1.jpg
Graphics Card,MSI GeForce RTX 3060 Ti GAMING X TRIO,90200,https://shop.tsukumo.co.jp/goods/0824142229071/,https://cdn.tsukumo.co.jp/image/item/0824142229071_1.jpg
Graphics Card,MSI GeForce RTX 3090 VENTUS 3X 24G OC,319999,https://shop.tsukumo.co.jp/goods/0824142228487/,https://cdn.tsukumo.co.jp/image/item/0824142228487_1.jpg
Graphics Card,MSI GeForce GTX 1650 D6 VENTUS XS OCV1,27500,https://shop.tsukumo.co.jp/goods/0824142222973/,https://cdn.tsukumo.co.jp/image/item/0824142222973_1.jpg
Graphics Card,MSI GeForce RTX 3080 VENTUS 3X 10G OC,165000,https://shop.tsukumo.co.jp/goods/0824142228265/,https://cdn.tsukumo.co.jp/image/item/0824142228265_1.jpg
Graphics Card,MSI GeForce RTX 3090 GAMING X TRIO 24G,338800,https://shop.tsukumo.co.jp/goods/0824142229057/,https://cdn.tsukumo.co.jp/image/item/0824142229057_1.jpg
Peripheral,MSI VIGOR WR01 Wrist Rest 冷感ジェル リストレスト,2390,https://shop.tsukumo.co.jp/goods/0824142214480/,https://cdn.tsukumo.co.jp/image/item/0824142214480_1.jpg
Other,MSI Radeon RX 5600 XT GAMING MX,41580,https://shop.tsukumo.co.jp/goods/0824142221310/,https://cdn.tsukumo.co.jp/image/item/0824142221310_1.jpg
Graphics Card,MSI GeForce GTX 1660 Ti AERO ITX 6G,28600,https://shop.tsukumo.co.jp/goods/0824142183175/,https://cdn.tsukumo.co.jp/image/item/0824142183175_1.jpg
Graphics Card,MSI GeForce GTX 1650 AERO ITX 4G OCV1,31900,https://shop.tsukumo.co.jp/goods/0824142217344/,https://cdn.tsukumo.co.jp/image/item/0824142217344_1.jpg
Other,MSI B450M-A PRO MAX,7700,https://shop.tsukumo.co.jp/goods/4526541725937/,https://cdn.tsukumo.co.jp/image/item/4526541725937_1.jpg
Motherboard,MSI MAG B460 TOMAHAWK,18700,https://shop.tsukumo.co.jp/goods/4526541740497/,https://cdn.tsukumo.co.jp/image/item/4526541740497_1.jpg
Motherboard,MSI MAG B460M MORTAR WIFI,17050,https://shop.tsukumo.co.jp/goods/4526541740602/,https://cdn.tsukumo.co.jp/image/item/4526541740602_1.jpg
Motherboard,MSI B450 TOMAHAWK MAX,9790,https://shop.tsukumo.co.jp/goods/4526541725869/,https://cdn.tsukumo.co.jp/image/item/4526541725869_1.jpg
Motherboard,MSI MEG Z490 UNIFY,20878,https://shop.tsukumo.co.jp/goods/4526541740381/,https://cdn.tsukumo.co.jp/image/item/4526541740381_1.jpg
Other,MSI ATLAS Mystic ARGB v2.0,3689,https://shop.tsukumo.co.jp/goods/4526541725975/,https://cdn.tsukumo.co.jp/image/item/4526541725975_1.jpg
Motherboard,MSI MEG Z490 ACE,46750,https://shop.tsukumo.co.jp/goods/4526541740374/,https://cdn.tsukumo.co.jp/image/item/4526541740374_1.jpg
Motherboard,MSI MPG Z490 GAMING CARBON WIFI,18678,https://shop.tsukumo.co.jp/goods/4526541740398/,https://cdn.tsukumo.co.jp/image/item/4526541740398_1.jpg
Motherboard,MSI MAG Z490 TOMAHAWK,15378,https://shop.tsukumo.co.jp/goods/4526541740411/,https://cdn.tsukumo.co.jp/image/item/4526541740411_1.jpg
Other,MSI Z490-A PRO,9878,https://shop.tsukumo.co.jp/goods/4526541740435/,https://cdn.tsukumo.co.jp/image/item/4526541740435_1.jpg
Motherboard,MSI MPG Z490 GAMING EDGE WIFI,17578,https://shop.tsukumo.co.jp/goods/4526541740404/,https://cdn.tsukumo.co.jp/image/item/4526541740404_1.jpg
Motherboard,MSI MPG Z490 GAMING PLUS,10980,https://shop.tsukumo.co.jp/goods/4526541740428/,https://cdn.tsukumo.co.jp/image/item/4526541740428_1.jpg
Other,MSI Radeon RX 5500 XT MECH 8G OC,28600,https://shop.tsukumo.co.jp/goods/0824142202722/,https://cdn.tsukumo.co.jp/image/item/0824142202722_1.jpg
Other,MSI Radeon RX 5500 XT MECH 4G OC,24750,https://shop.tsukumo.co.jp/goods/0824142204474/,https://cdn.tsukumo.co.jp/image/item/0824142204474_1.jpg
Motherboard,MSI TRX40 PRO WIFI,57200,https://shop.tsukumo.co.jp/goods/4526541726064/,https://cdn.tsukumo.co.jp/image/item/4526541726064_1.jpg
Graphics Card,MSI GeForce GTX 1660 SUPER VENTUS XS OC,24979,https://shop.tsukumo.co.jp/goods/0824142200575/,https://cdn.tsukumo.co.jp/image/item/0824142200575_1.jpg
Other,MSI B450-A PRO MAX,11660,https://shop.tsukumo.co.jp/goods/4526541725890/,https://cdn.tsukumo.co.jp/image/item/4526541725890_1.jpg
Other,MSI X470 GAMING PRO MAX,13178,https://shop.tsukumo.co.jp/goods/4526541725906/,https://cdn.tsukumo.co.jp/image/item/4526541725906_1.jpg
Motherboard,MSI B450M PRO-VDH MAX,9768,https://shop.tsukumo.co.jp/goods/4526541725876/,https://cdn.tsukumo.co.jp/image/item/4526541725876_1.jpg
Motherboard,MSI X470 GAMING PLUS MAX,12078,https://shop.tsukumo.co.jp/goods/4526541725913/,https://cdn.tsukumo.co.jp/image/item/4526541725913_1.jpg
Motherboard,MSI B365M PRO-VDH,5478,https://shop.tsukumo.co.jp/goods/4526541725845/,https://cdn.tsukumo.co.jp/image/item/4526541725845_1.jpg
Motherboard,MSI MEG X570 ACE,43978,https://shop.tsukumo.co.jp/goods/4526541725739/,https://cdn.tsukumo.co.jp/image/item/4526541725739_1.jpg
Other,MSI X570-A PRO,23750,https://shop.tsukumo.co.jp/goods/4526541725777/,https://cdn.tsukumo.co.jp/image/item/4526541725777_1.jpg
Graphics Card,MSI GeForce GTX 1650 GAMING X 4G,23980,https://shop.tsukumo.co.jp/goods/4537694270823/,https://cdn.tsukumo.co.jp/image/item/4537694270823_1.jpg
Motherboard,MSI H310M PRO-VDH PLUS,5979,https://shop.tsukumo.co.jp/goods/4526541723339/,https://cdn.tsukumo.co.jp/image/item/4526541723339_1.jpg
Graphics Card,MSI GeForce RTX 2080 VENTUS 8G V2,83380,https://shop.tsukumo.co.jp/goods/4537694270052/,https://cdn.tsukumo.co.jp/image/item/4537694270052_1.jpg
Graphics Card,MSI GeForce GTX 1660 AERO ITX 6G OC,25850,https://shop.tsukumo.co.jp/goods/4537694270144/,https://cdn.tsukumo.co.jp/image/item/4537694270144_1.jpg
Graphics Card,MSI GeForce GTX 1660 Ti GAMING X 6G,41800,https://shop.tsukumo.co.jp/goods/4537694269032/,https://cdn.tsukumo.co.jp/image/item/4537694269032_1.jpg
Graphics Card,MSI GeForce GTX 1660 Ti AERO ITX 6G OC,30580,https://shop.tsukumo.co.jp/goods/4537694269049/,https://cdn.tsukumo.co.jp/image/item/4537694269049_1.jpg
Graphics Card,MSI GeForce RTX 2060 GAMING Z 6G,47800,https://shop.tsukumo.co.jp/goods/4537694268080/,https://cdn.tsukumo.co.jp/image/item/4537694268080_1.jpg
Graphics Card,MSI GeForce RTX 2070 GAMING Z 8G,54978,https://shop.tsukumo.co.jp/goods/4537694265973/,https://cdn.tsukumo.co.jp/image/item/4537694265973_1.jpg
Other,MSI B450M PRO-M2,7678,https://shop.tsukumo.co.jp/goods/4526541718403/,https://cdn.tsukumo.co.jp/image/item/4526541718403_1.jpg
Other,MSI X470 GAMING PRO,12078,https://shop.tsukumo.co.jp/goods/4526541717901/,https://cdn.tsukumo.co.jp/image/item/4526541717901_1.jpg
Other,MSI X470 GAMING M7 AC,21978,https://shop.tsukumo.co.jp/goods/4526541707704/,https://cdn.tsukumo.co.jp/image/item/4526541707704_1.jpg
Motherboard,MSI X470 GAMING PLUS,10978,https://shop.tsukumo.co.jp/goods/4526541707902/,https://cdn.tsukumo.co.jp/image/item/4526541707902_1.jpg
Motherboard,MSI X470 GAMING PRO CARBON,10978,https://shop.tsukumo.co.jp/goods/4526541707919/,https://cdn.tsukumo.co.jp/image/item/4526541707919_1.jpg
Other,MSI R7 240 2GD3 64b LP,2178,https://shop.tsukumo.co.jp/goods/4719072575885/,https://cdn.tsukumo.co.jp/image/item/4719072575885_1.jpg
Other,MSI H310-F PRO,9878,https://shop.tsukumo.co.jp/goods/4526541704055/,https://cdn.tsukumo.co.jp/image/item/4526541704055_1.jpg
Motherboard,MSI H370M BAZOOKA,10978,https://shop.tsukumo.co.jp/goods/4526541712401/,https://cdn.tsukumo.co.jp/image/item/4526541712401_1.jpg
Motherboard,MSI B360M GAMING PLUS,10208,https://shop.tsukumo.co.jp/goods/4526541712425/,https://cdn.tsukumo.co.jp/image/item/4526541712425_1.jpg
Motherboard,MSI B360M PRO-VH,9878,https://shop.tsukumo.co.jp/goods/4526541715303/,https://cdn.tsukumo.co.jp/image/item/4526541715303_1.jpg
Motherboard,MSI H270-A PRO,9878,https://shop.tsukumo.co.jp/goods/4526541707223/,https://cdn.tsukumo.co.jp/image/item/4526541707223_1.jpg
Other,MSI H110M PRO-VH PLUS,6578,https://shop.tsukumo.co.jp/goods/4537694237819/,https://cdn.tsukumo.co.jp/image/item/4537694237819_1.jpg
Motherboard,MSI X370 GAMING PRO CARBON,10978,https://shop.tsukumo.co.jp/goods/4526541703201/,https://cdn.tsukumo.co.jp/image/item/4526541703201_1.jpg
Motherboard,MSI B350 TOMAHAWK,8778,https://shop.tsukumo.co.jp/goods/4526541703409/,https://cdn.tsukumo.co.jp/image/item/4526541703409_1.jpg
Other,MSI 2WAY SLI HB BRIDGE M,4378,https://shop.tsukumo.co.jp/goods/4537694239981/,https://cdn.tsukumo.co.jp/image/item/4537694239981_1.jpg
Other,MSI Z77A-G43 GAMING,15693,https://shop.tsukumo.co.jp/goods/4526541001833/,https://cdn.tsukumo.co.jp/image/item/4526541001833_1.jpg
Other,MSI Z77A-GD65 GAMING,20931,https://shop.tsukumo.co.jp/goods/4526541775130/,https://cdn.tsukumo.co.jp/image/item/4526541775130_1.jpg
