name|url|category
mono|https://www.dmm.co.jp/mono/dvd/-/list/=/rss=create/sort=p_date/
videoa|https://www.dmm.co.jp/digital/videoa/-/list/=/rss=create/sort=p_date/
rental|https://www.dmm.co.jp/rental/-/list/=/rss=create/sort=date/
videoa_VR|https://www.dmm.co.jp/digital/videoa/-/list/=/article=vr/rss=create/sort=p_date/
FANZA同人_新着|https://www.dmm.co.jp/dc/doujin/-/list/=/rss=create/sort=date/
FANZA同人_コミック|https://www.dmm.co.jp/dc/doujin/-/list/=/media=comic/rss=create/sort=date/
FANZA同人_CG|https://www.dmm.co.jp/dc/doujin/-/list/=/media=cg/rss=create/sort=date/
FANZA同人_ゲーム|https://www.dmm.co.jp/dc/doujin/-/list/=/media=game/rss=create/sort=date/
FANZA同人_ボイス|https://www.dmm.co.jp/dc/doujin/-/list/=/media=voice/rss=create/sort=date/
らぶカルTL_新着|https://lovecul.dmm.co.jp/tl/-/list/=/rss=create/sort=date/
らぶカルTL_コミック|https://lovecul.dmm.co.jp/tl/-/list/=/media=comic/rss=create/sort=date/
らぶカルTL_CG|https://lovecul.dmm.co.jp/tl/-/list/=/media=cg/rss=create/sort=date/
らぶカルTL_ゲーム|https://lovecul.dmm.co.jp/tl/-/list/=/media=game/rss=create/sort=date/
らぶカルTL_ボイス|https://lovecul.dmm.co.jp/tl/-/list/=/media=voice/rss=create/sort=date/
らぶカルBL_総合|https://lovecul.dmm.co.jp/bl/-/list/=/rss=create/sort=date/
らぶカルBL_コミック|https://lovecul.dmm.co.jp/bl/-/list/=/media=comic/rss=create/sort=date/
らぶカルBL_CG|https://lovecul.dmm.co.jp/bl/-/list/=/media=cg/rss=create/sort=date/
らぶカルBL_ゲーム|https://lovecul.dmm.co.jp/bl/-/list/=/media=game/rss=create/sort=date/
らぶカルBL_ボイス|https://lovecul.dmm.co.jp/bl/-/list/=/media=voice/rss=create/sort=date/
レンタル月額_予約|https://www.dmm.co.jp/rental/-/list/=/reserve=only/rss=create/sort=date/
レンタル単品_新着|https://www.dmm.co.jp/rental/ppr/-/list/=/rss=create/sort=date/
レンタル単品_予約|https://www.dmm.co.jp/rental/ppr/-/list/=/reserve=only/rss=create/sort=date/
通販DVD_予約|http://www.dmm.co.jp/mono/dvd/-/list/=/reserve=only/rss=create/sort=date/
通販アニメ_新着|http://www.dmm.co.jp/mono/anime/-/list/=/rss=create/sort=date/
通販アニメ_予約|http://www.dmm.co.jp/mono/anime/-/list/=/reserve=only/rss=create/sort=date/
通販PCゲーム_新着|http://www.dmm.co.jp/mono/pcgame/-/list/=/rss=create/sort=date/
通販PCゲーム_予約|http://www.dmm.co.jp/mono/pcgame/-/list/=/reserve=only/rss=create/sort=date/
通販ブック_新着|http://www.dmm.co.jp/mono/book/-/list/=/rss=create/sort=date/
通販コミック_新着|http://www.dmm.co.jp/mono/book/-/list/=/media=comic/rss=create/sort=date/
通販エロ本_新着|http://www.dmm.co.jp/mono/book/-/list/=/media=photo/rss=create/sort=date/
グッズ_新着|http://www.dmm.co.jp/mono/goods/-/list/=/rss=create/sort=date/
グッズ_バイブ|http://www.dmm.co.jp/mono/goods/-/list/=/article=keyword/id=10001/rss=create/sort=date/
グッズ_ローター|http://www.dmm.co.jp/mono/goods/-/list/=/article=keyword/id=10013/rss=create/sort=date/
グッズ_オナホール|http://www.dmm.co.jp/mono/goods/-/list/=/article=keyword/id=10062/rss=create/sort=date/
グッズ_ラブドール|http://www.dmm.co.jp/mono/goods/-/list/=/article=keyword/id=10074/rss=create/sort=date/
グッズ_アナル|http://www.dmm.co.jp/mono/goods/-/list/=/article=keyword/id=10019/rss=create/sort=date/
グッズ_補強|http://www.dmm.co.jp/mono/goods/-/list/=/article=keyword/id=10065/rss=create/sort=date/
グッズ_包茎矯正|http://www.dmm.co.jp/mono/goods/-/list/=/article=keyword/id=10053/rss=create/sort=date/
グッズ_SM|http://www.dmm.co.jp/mono/goods/-/list/=/article=keyword/id=10082/rss=create/sort=date/
グッズ_ローション|http://www.dmm.co.jp/mono/goods/-/list/=/article=keyword/id=10079/rss=create/sort=date/
グッズ_コンドーム|http://www.dmm.co.jp/mono/goods/-/list/=/article=keyword/id=10026/rss=create/sort=date/
グッズ_コスプレ|http://www.dmm.co.jp/mono/goods/-/list/=/article=keyword/id=10034/rss=create/sort=date/
グッズ_ランジェリー|http://www.dmm.co.jp/mono/goods/-/list/=/article=keyword/id=10052/rss=create/sort=date/
グッズ_その他|http://www.dmm.co.jp/mono/goods/-/list/=/article=keyword/id=19999/rss=create/sort=date/
グッズ_1000円以下|http://www.dmm.co.jp/mono/goods/-/list/=/article=keyword/id=10095/rss=create/sort=date/