category,name,price,url,image_url
Motherboard,MSI PRO B860M-B,17980,https://shop.tsukumo.co.jp/goods/4711377386784/,https://cdn.tsukumo.co.jp/image/item/4711377386784_1.jpg
Motherboard,MSI B850MPOWER,42980,https://shop.tsukumo.co.jp/goods/4711377393508/,https://cdn.tsukumo.co.jp/image/item/4711377393508_1.jpg
Case,MSI MAG FORGE 130A AIRFLOW,4858,https://shop.tsukumo.co.jp/goods/4711377317276/,https://cdn.tsukumo.co.jp/image/item/4711377317276_1.jpg
Case,MSI MPG VELOX 300R AIRFLOW PZ WHITE,19980,https://shop.tsukumo.co.jp/goods/4711377293174/,https://cdn.tsukumo.co.jp/image/item/4711377293174_1.jpg
Motherboard,MSI MAG X870 TOMAHAWK WIFI,35310,https://shop.tsukumo.co.jp/goods/4526541055409/,https://cdn.tsukumo.co.jp/image/item/4526541055409_1.jpg
Case,MSI MAG PANO 100R PZ,19980,https://shop.tsukumo.co.jp/goods/4711377231565/,https://cdn.tsukumo.co.jp/image/item/4711377231565_1.jpg
Case,MSI MPG VELOX 300R AIRFLOW PZ,19980,https://shop.tsukumo.co.jp/goods/4711377293167/,https://cdn.tsukumo.co.jp/image/item/4711377293167_1.jpg
Case,MSI MAG FORGE 320R AIRFLOW WHITE,11973,https://shop.tsukumo.co.jp/goods/4526541051296/,https://cdn.tsukumo.co.jp/image/item/4526541051296_1.jpg
Cooler,MSI MAG COREFROZR AA13,3930,https://shop.tsukumo.co.jp/goods/4711377345743/,https://cdn.tsukumo.co.jp/image/item/4711377345743_1.jpg
Case,MSI MPG GUNGNIR 110R WHITE,14796,https://shop.tsukumo.co.jp/goods/4526541040368/,https://cdn.tsukumo.co.jp/image/item/4526541040368_1.jpg
Case,MSI MAG PANO M100R PZ,13127,https://shop.tsukumo.co.jp/goods/4526541048098/,https://cdn.tsukumo.co.jp/image/item/4526541048098_1.jpg
Motherboard,MSI MPG X870E CARBON WIFI,59373,https://shop.tsukumo.co.jp/goods/4526541055102/,https://cdn.tsukumo.co.jp/image/item/4526541055102_1.jpg
Case,MSI MPG GUNGNIR 300R AIRFLOW WHITE,17980,https://shop.tsukumo.co.jp/goods/4526541046261/,https://cdn.tsukumo.co.jp/image/item/4526541046261_1.jpg
Monitor,MSI MAG 32C6X 31.5インチ フルHD ゲーミングモニター 250Hz 1ms 湾曲VAパネル,30800,https://shop.tsukumo.co.jp/goods/0406621598016/,https://cdn.tsukumo.co.jp/image/item/0406621598016_1.jpg
Motherboard,MSI MAG X870E TOMAHAWK WIFI,42543,https://shop.tsukumo.co.jp/goods/4711377291927/,https://cdn.tsukumo.co.jp/image/item/4711377291927_1.jpg
Other,MSI MEG PROSPECT 700R,58621,https://shop.tsukumo.co.jp/goods/4526541041556/,https://cdn.tsukumo.co.jp/image/item/4526541041556_1.jpg
Motherboard,MSI MAG Z890 TOMAHAWK WIFI,38540,https://shop.tsukumo.co.jp/goods/4526541055560/,https://cdn.tsukumo.co.jp/image/item/4526541055560_1.jpg
Motherboard,MSI PRO H810I WIFI,24979,https://shop.tsukumo.co.jp/goods/4711377365277/,https://cdn.tsukumo.co.jp/image/item/4711377365277_1.jpg
Monitor,MSI MPG 341CQPX QD-OLED 34.18インチ ウルトラワイド(3440x1440) QD OLED ゲーミングモニター 240Hz 0.03ms 1800R湾曲パネル,148000,https://shop.tsukumo.co.jp/goods/0406621678015/,https://cdn.tsukumo.co.jp/image/item/0406621678015_1.jpg
Monitor,MSI PRO MP275QPDG 27インチ WQHD(2560ｘ1440) モニター 100Hz IPSパネル Webカメラ搭載,33800,https://shop.tsukumo.co.jp/goods/0406622044017/,https://cdn.tsukumo.co.jp/image/item/0406622044017_1.jpg
Monitor,MSI MAG 274UPDF E16M 27インチ 4K ゲーミングモニター 160Hz 0.5ms(GTG) RapidIPS 1152ゾーンminiLED 量子ドット,83600,https://shop.tsukumo.co.jp/goods/0406622170013/,https://cdn.tsukumo.co.jp/image/item/0406622170013_1.jpg
Motherboard,MSI MPG X870E EDGE TI WIFI,45513,https://shop.tsukumo.co.jp/goods/4711377290630/,https://cdn.tsukumo.co.jp/image/item/4711377290630_1.jpg
Motherboard,MSI B850 GAMING PLUS WIFI6E,19575,https://shop.tsukumo.co.jp/goods/4711377365321/,https://cdn.tsukumo.co.jp/image/item/4711377365321_1.jpg
Graphics Card,MSI GeForce RTX 5070 12G INSPIRE 3X OC,109700,https://shop.tsukumo.co.jp/goods/4711377308151/,https://cdn.tsukumo.co.jp/image/item/4711377308151_1.jpg
