unique_id	maker	name
ASUS_B9406CAA-TG0994X	asus	ASUS ExpertBook Ultra (B9406CAA) (B9406CAA-TG0994X); Copilot+ PC
ASUS_P3606CCA-PL0106X	asus	ASUS ExpertBook P3 (P3606CCA) (P3606CCA-PL0106X)
ASUS_UX5406SA-TU7321WHS	asus	ASUS Zenbook S14 (UX5406) (UX5406SA-TU7321WHS); Copilot+ PC
ASUS_V440VAK-WPC026WS	asus	ASUS V400 AiO (V440VAK) (V440VAK-WPC026WS)
ASUS_P470VAK-BPE297X	asus	ASUS ExpertCenter P400 AiO (P470VA) (P470VAK-BPE297X)
ASUS_X1607AA-U5161BU	asus	ASUS Vivobook 16 (X1607) (X1607AA-U5161BU)
ASUS_CM3001DM2A-R70006	asus	ASUS Chromebook CM30 Detachable (CM3001DM2A-R70006)
ASUS_P440VAK-BPC837X	asus	ASUS ExpertCenter P400 AiO (P440VA) (P440VAK-BPC837X)
ASUS_HN7306EAC-AI91281W	asus	ProArt GoPro Edition (PX13 HN7306) (HN7306EAC-AI91281W); Copilot+ PC
ASUS_CM3206DM4A-TR0023	asus	ASUS Chromebook CM32 Detachable (CM3206) (CM3206DM4A-TR0023)
ASUS_UM5606GA-TAI9321GR	asus	ASUS Zenbook S16 (UM5606) (UM5606GA-TAI9321GR)
ASUS_H7606WW-AI9642R5080W	asus	ProArt P16 (H7606) (H7606WW-AI9642R5080W); Copilot+ PC
ASUS_CX3402CVA-MW1032	asus	ASUS Chromebook Plus CX34 (CX3402) (CX3402CVA-MW1032)
ASUS_V501MV-07240H321TB	asus	ASUS V500 Mini Tower (V501MV) (V501MV-07240H321TB)
ASUS_GA403GM-AI9R506016GW	asus	ROG Zephyrus G14 (GA403GM) (GA403GM-AI9R506016GW)
ASUS_G814FP-R9R5070321TB	asus	ROG Strix G18 (G814FP) (G814FP-R9R5070321TB)
ASUS_UX5406SA-U7321WH	asus	ASUS Zenbook S 14 UX5406SA (UX5406SA-U7321WH); Copilot+ PC
ASUS_PM1503CDA-S70511X	asus	ASUS ExpertBook P1 (PM1503) (PM1503CDA-S70511X)
ASUS_UX3607OA-GL481BE	asus	ASUS Zenbook SORA 16(UX3607OA) (UX3607OA-GL481BE);Copilot+PC​
ASUS_UX3407NA-GL16570BE	asus	ASUS Zenbook SORA 14 (UX3407) (UX3407NA-GL16570BE); Copilot+ PC
ASUS_GU606AP-U9R5070G	asus	ROG Zephyrus G16 (GU606AP) (GU606AP-U9R5070G)
ASUS_V470VAK-BPE104W	asus	ASUS V400 AiO (V470VAK) (V470VAK-BPE104W)
ASUS_FA608UHI-R7R5050S	asus	ASUS TUF Gaming A16 FA608UHI (FA608UHI-R7R5050S)
ASUS_UX3407QA-PU32148GR	asus	ASUS Zenbook SORA (UX3407) (UX3407QA-PU32148GR); Copilot+ PC
ASUS_V501MV--05210H16512	asus	ASUS V500 Mini Tower (V501MV) (V501MV-05210H16512)
ASUS_UX3407QA-PU16548BE	asus	ASUS Zenbook SORA UX3407 (UX3407QA-PU16548BE); Copilot+ PC
ASUS_E1404FA-AR5165SIWS	asus	ASUS Vivobook Go 14 (E1404F) (E1404FA-AR5165SIWS)
ASUS_X1607CA-AU5165BU	asus	ASUS Vivobook 16 (X1607) (X1607CA-AU5165BU)
ASUS_CM1402FM2A-EC0046	asus	ASUS Chromebook CM14 Flip (CM1402FM2A-EC0046)
ASUS_M1807GA-R7165BU	asus	ASUS Vivobook 18 (M1807) (M1807GA-R7165BU)
ASUS_CM3206DM4A-TR0103	asus	ASUS Chromebook CM32 Detachable (CM3206) (CM3206DM4A-TR0103)
ASUS_V501SV-07240H321TBO	asus	ASUS V500 SFF (V501SV) (V501SV-07240H321TBO)
ASUS_FA401UH-R7R505016G	asus	ASUS TUF Gaming A14 FA401UH (FA401UH-R7R505016G)
ASUS_PM3606CKA-MB0443X	asus	ASUS ExpertBook P3 (PM3606) (PM3606CKA-MB0443X)
ASUS_GM700TZ-R9800X099W	asus	ROG G700 (2025) GM700 (GM700TZ-R9800X099W)
ASUS_CX1405CTA-S60592	asus	ASUS Chromebook CX14 (CX1405)
ASUS_FA808UP-R7R507016G	asus	ASUS TUF Gaming A18 FA808UP (FA808UP-R7R507016G)
ASUS_UM3406GA-TAI7161WS	asus	ASUS Zenbook 14 (UM3406) (UM3406GA-TAI7161WS)
ASUS_X1607CA-U5165BUS	asus	ASUS Vivobook 16 X1607CA (X1607CA-U5165BUS)
ASUS_S3407AA-U5165GR	asus	ASUS Vivobook S14 (S3407) (S3407AA-U5165GR); Copilot+ PC
ASUS_S501SER-514500045W	asus	ASUS S501SER (S501SER-514500045W)
ASUS_V440VAK-WPC125W	asus	ASUS V400 AiO (V440VAK) (V440VAK-WPC125W)
ASUS_V501MV-05210H161TBO	asus	ASUS V500 Mini Tower (V501MV) (V501MV-05210H161TBO)
ASUS_B9406CAA-TH1079X	asus	ASUS ExpertBook Ultra (B9406CAA) (B9406CAA-TH1079X); Copilot+ PC
ASUS_UX3607QA-PU16570BE	asus	ASUS Zenbook SORA 16 (UX3607QA) (UX3607QA-PU16570BE)
ASUS_M3607KA-AI5165GRS	asus	ASUS Vivobook S16 (M3607) (M3607KA-AI5165GRS); Copilot+ PC
ASUS_UX3405CA-TU9321SIW	asus	ASUS Zenbook 14 OLED UX3405CA (UX3405CA-TU9321SIW)
ASUS_V470VAK-BPE058WS	asus	ASUS V400 AiO (V470VAK) (V470VAK-BPE058WS)
ASUS_UX3407QA-PU16548GR	asus	ASUS Zenbook SORA UX3407 (UX3407QA-PU16548GR); Copilot+ PC
ASUS_UX3407RA-HA32570BES	asus	ASUS Zenbook SORA UX3407 (UX3407RA-HA32570BES); Copilot+ PC
ASUS_E1504FA-AR38512SIWP	asus	ASUS Vivobook Go 15 (E1504F) (E1504FA-AR38512SIWP)
ASUS_S3407AA-U7325GR	asus	ASUS Vivobook S14 (S3407) (S3407AA-U7325GR); Copilot+ PC
ASUS_GZ302EAC-AI916C128G	asus	ROG Flow Z13-KJP GZ302EAC (GZ302EAC-AI916C128G)
ASUS_S5406SA-U7325W	asus	ASUS Vivobook S14 (S5406) (S5406SA-U7325W); Copilot＋ PC
ASUS_CM1505CM4A-864GY	asus	ASUS Chromebook CM15 (CM1505) (CM1505CM4A-864GY)
ASUS_H7606WX-AI9644R5090W	asus	ProArt P16 (H7606) (H7606WX-AI9644R5090W); Copilot+ PC
ASUS_X1407AA-U5165BU	asus	ASUS Vivobook 14 (X1407) (X1407AA-U5165BU)
ASUS_P5405CSA-NZ0150X	asus	ASUS ExpertBook P5 (P5405) (P5405CSA-NZ0150X)
ASUS_M3607KA-AI5165GR	asus	ASUS Vivobook S16 (M3607) (M3607KA-AI5165GR); Copilot+ PC
ASUS_CM1505CM4A-8128GY	asus	ASUS Chromebook CM15 (CM1505) (CM1505CM4A-8128GY)
ASUS_X1607AA-U5165BU	asus	ASUS Vivobook 16 (X1607) (X1607AA-U5165BU)
ASUS_CM1405CM4A-M8128PG	asus	ASUS Chromebook CM14 (CM1405) (CM1405CM4A-M8128PG)
ASUS_VM670GA-WPE005WS	asus	ASUS V600 AiO (VM670GA) (VM670GA-WPE005WS)
ASUS_M1607KA-AI5165W3	asus	ASUS Vivobook 16 (M1607) (M1607KA-AI5165W3); Copilot+ PC
ASUS_FA401EA-AI12C32G	asus	ASUS TUF Gaming A14 FA401EA (FA401EA-AI12C32G)
ASUS_P5605CAA-PL0060X	asus	ASUS ExpertBook P5 G2(P5605CAA) (P5605CAA-PL0060X); Copilot+ PC
ASUS_CM1505CM4A-864GR	asus	ASUS Chromebook CM15 (CM1505) (CM1505CM4A-864GR)
ASUS_FA608PP-R9R507016GS	asus	ASUS TUF Gaming A16 FA608 (FA608PP-R9R507016GS)
ASUS_T500MV-07240H108W	asus	ASUS TUF Gaming T500 T500MV (T500MV-07240H108W)
ASUS_UX3405CA-TU7165BLW	asus	ASUS Zenbook 14 OLED UX3405CA (UX3405CA-TU7165BLW)
ASUS_G615LW-U9R50802T	asus	ROG Strix G16 G615LW (G615LW-U9R50802T)
ASUS_CM1505CM4A-864BU	asus	ASUS Chromebook CM15 (CM1505) (CM1505CM4A-864BU)
ASUS_CM1405CM4A-M4128QB	asus	ASUS Chromebook CM14 (CM1405) (CM1405CM4A-M4128QB)
ASUS_FA608PM-R9R506016GEC	asus	ASUS TUF Gaming A16 FA608PM (FA608PM-R9R506016GEC)
ASUS_CM1405CM4A-4128PG	asus	ASUS Chromebook CM14 (CM1405) (CM1405CM4A-4128PG)
ASUS_UM3406GA-AI7325BL	asus	ASUS Zenbook 14 (UM3406) (UM3406GA-AI7325BL); Copilot+ PC
ASUS_V501SV-05210H161TB	asus	ASUS V500 SFF (V501SV) (V501SV-05210H161TB)
ASUS_CM1505CM4A-464GR	asus	ASUS Chromebook CM15 (CM1505) (CM1505CM4A-464GR)
ASUS_UX8406CA-FU9321W	asus	ASUS Zenbook DUO UX8406 (UX8406CA-FU9321W)
ASUS_CM1505CM4A-8128GR	asus	ASUS Chromebook CM15 (CM1505) (CM1505CM4A-8128GR)
ASUS_CM1505CM4A-8128PK	asus	ASUS Chromebook CM15 (CM1505) (CM1505CM4A-8128PK)
ASUS_M3407GA-AI7165GR	asus	ASUS Vivobook S14 (M3407) (M3407GA-AI7165GR); Copilot＋ PC
ASUS_E1504FA-AR5165SIWS	asus	ASUS Vivobook Go 15 (E1504FA) (E1504FA-AR5165SIWS)
ASUS_M1605NAQ-R7165SIS	asus	ASUS Vivobook 16 (M1605) (M1605NAQ-R7165SIS)
ASUS_UX8406CA-U9321W	asus	ASUS Zenbook DUO UX8406CA (UX8406CA-U9321W)
ASUS_GU405AW-U9R5080W	asus	ROG Zephyrus G14 GU405AW (GU405AW-U9R5080W)
ASUS_CM1505CM4A-464BU	asus	ASUS Chromebook CM15 (CM1505) (CM1505CM4A-464BU)
ASUS_UX3407NA-GL32170BE	asus	ASUS Zenbook SORA (UX3407) (UX3407NA-GL32170BE); Copilot+ PC
ASUS_M3607GA-AI7165GR	asus	ASUS Vivobook S16 (M3607GA) (M3607GA-AI7165GR)
ASUS_P1503CVA-S72218X	asus	ASUS ExpertBook P1 (P1503CVA) (P1503CVA-S72218X)
ASUS_TM500MH-R516G1TB3050	asus	ASUS TUF Gaming TM500 TM500MH (TM500MH-R516G1TB3050)
ASUS_UX3405CA-TU7325SIW	asus	ASUS Zenbook 14 OLED UX3405CA (UX3405CA-TU7325SIW)
ASUS_S5507QA-HA161W	asus	ASUS Vivobook S 15 S5507QA Copilot+ PC (S5507QA-HA161W)【リファービッシュ品】
ASUS_M1807GA-R7325BU	asus	ASUS Vivobook 18 (M1807) (M1807GA-R7325BU)
ASUS_UX3407NA-GL32170GR	asus	ASUS Zenbook SORA (UX3407) (UX3407NA-GL32170GR); Copilot+ PC
ASUS_M1407GA-AI7165WS	asus	ASUS Vivobook 14 (M1407) (M1407GA-AI7165WS); Copilot+ PC
ASUS_FA608UH-R7R5050EC	asus	ASUS TUF Gaming A16 FA608UH (FA608UH-R7R5050EC)
ASUS_P5405CSA-NZ0054X	asus	ASUS ExpertBook P5 (P5405) (P5405CSA-NZ0054X)
ASUS_P3605CVA-I516512WS	asus	ExpertBook P3 (P3605CVA) (P3605CVA-I516512WS)
ASUS_GU606AW-U9R5080G	asus	ROG Zephyrus G16 (GU606AW) (GU606AW-U9R5080G)
ASUS_X1407CA-U5165BUS	asus	ASUS Vivobook 14 X1407CA (X1407CA-U5165BUS)
ASUS_FA506NCQ-R7R3050WPS	asus	ASUS TUF Gaming A15 FA506NCQ (FA506NCQ-R7R3050WPS)
ASUS_B5404CVA-Q50486X	asus	ExpertBook B5 (B5404CVA) (B5404CVA-Q50486X)【リファービッシュ品】
ASUS_AY2402 GLASS SCREEN PROTECTOR(ZF)	asus	Zenfone 11 Ultra Antibacterial Glass Screen Protector(ZF11U_SCREEN_GLASS)
ASUS_FA401GM-AI9R5060	asus	ASUS TUF Gaming A14 FA401GM (FA401GM-AI9R5060)
ASUS_CX5601FBA-MC0042	asus	ASUS Chromebook Flip CX5 (CX5601FBA-MC0042)
ASUS_HN7306EA-AI9641W	asus	ProArt PX13 (HN7306) (HN7306EA-AI9641W)
ASUS_V440VAK-BPC100WS	asus	ASUS V400 AiO (V440VAK) (V440VAK-BPC100WS)
ASUS_M1607GA-AI7165BU	asus	ASUS Vivobook 16 (M1607) (M1607GA-AI7165BU); Copilot+ PC
ASUS_TM500MH-R516G5123050	asus	ASUS TUF Gaming TM500 (TM500MH) (TM500MH-R516G5123050)
ASUS_UM3406GA-AI5161BL	asus	ASUS Zenbook 14 (UM3406) (UM3406GA-AI5161BL); Copilot+ PC
ASUS_E1404FA-AR38512SIW	asus	ASUS Vivobook Go 14 (E1404F) (E1404FA-AR38512SIW)
ASUS_UX3405CA-T3SU9321BLW	asus	ASUS Zenbook 14 (UX3405) (UX3405CA-T3SU9321BLW)
ASUS_UX3407NA-GL16570GR	asus	ASUS Zenbook SORA 14 (UX3407NA) (UX3407NA-GL16570GR); Copilot+ PC
ASUS_S5406SAL-U5165W	asus	ASUS Vivobook S 14 (S5406) (S5406SAL-U5165W); Copilot＋ PC
ASUS_GU405AP-U9R5070G	asus	ROG Zephyrus G14 (GU405AP) (GU405AP-U9R5070G)
ASUS_FA401UH-R7R505016GW	asus	ASUS TUF Gaming A14 FA401UH (FA401UH-R7R505016GW)
ASUS_P3406CCA-NZ0004X	asus	ASUS ExpertBook P3 G1 (P3406CCA) (P3406CCA-NZ0004X)
ASUS_UX3407NA-GL32170BES	asus	ASUS Zenbook SORA (UX3407) (UX3407NA-GL32170BES); Copilot+ PC
ASUS_UX3407QA-PU32148BE	asus	ASUS Zenbook SORA (UX3407) (UX3407QA-PU32148BE); Copilot+ PC
ASUS_GX651AX-U9R5090	asus	ROG Zephyrus Duo (GX651AX) (GX651AX-U9R5090)
ASUS_M1807GA-R5165BU	asus	ASUS Vivobook 18 (M1807) (M1807GA-R5165BU)
ASUS_V501SV-05210H16512O	asus	ASUS V500 SFF (V501SV) (V501SV-05210H16512O)
ASUS_FX608JPR-I7R507016G	asus	ASUS TUF Gaming F16 FX608JPR (FX608JPR-I7R507016G)
ASUS_V3607VM-C7161R5060W	asus	ASUS Gaming V16 V3607VM (V3607VM-C7161R5060W)
ASUS_P470VAK-BPE338X	asus	ASUS ExpertCenter P400 AiO (P470VA) (P470VAK-BPE338X)
ASUS_FA401EA-AI12C64G	asus	ASUS TUF Gaming A14 FA401EA (FA401EA-AI12C64G)
ASUS_B9406CAA-TH1027X	asus	ASUS ExpertBook Ultra (B9406CAA) (B9406CAA-TH1027X); Copilot+ PC
ASUS_V501SV-05210H16512	asus	ASUS V500 SFF (V501SV) (V501SV-05210H16512)
ASUS_P1503CVA-S72684X	asus	ASUS ExpertBook P1 (P1503CVA) (P1503CVA-S72684X)
ASUS_CM1505CM4A-464GY	asus	ASUS Chromebook CM15 (CM1505) (CM1505CM4A-464GY)
ASUS_UX3405CA-TU5165SIW	asus	ASUS Zenbook 14 OLED UX3405CA (UX3405CA-TU5165SIW)
ASUS_GU405AR-U9R5070TIW	asus	ROG Zephyrus G14 (GU405AR) (GU405AR-U9R5070TIW)
ASUS_CM1505CM4A-864PK	asus	ASUS Chromebook CM15 (CM1505) (CM1505CM4A-864PK)
ASUS_UM5606GA-TAI9321WH	asus	ASUS Zenbook S16 (UM5606) (UM5606GA-TAI9321WH)
ASUS_S3607AA-U7325GR	asus	ASUS Vivobook S16 (S3607) (S3607AA-U7325GR)
ASUS_VM670GA-WPE047W	asus	ASUS V600 AiO (VM670GA) (VM670GA-WPE047W)
ASUS_UX3405CA-TU7325BLW	asus	ASUS Zenbook 14 OLED UX3405CA (UX3405CA-TU7325BLW)
ASUS_TM500MH-R516G1TB5050	asus	ASUS TUF Gaming TM500 TM500MH (TM500MH-R516G1TB5050)
ASUS_UM3406GA-AI5325BL	asus	ASUS Zenbook 14 (UM3406) (UM3406GA-AI5325BL); Copilot+ PC
ASUS_H7606WP-LPAI9642R5070W	asus	ProArt P16 (H7606) (H7606WP-LPAI9642R5070W); Copilot+ PC
ASUS_S3607AA-U5165GR	asus	ASUS Vivobook S16 (S3607) (S3607AA-U5165GR)
ASUS_T500MV-13620H448W	asus	ASUS TUF Gaming T500 T500MV (T500MV-13620H448W)
ASUS_HT7407NA-GL321W	asus	ProArt PZ14 (HT7407) (HT7407NA-GL321W); Copilot+ PC
ASUS_FX608JMI-I7R5060S	asus	ASUS TUF Gaming F16 (FX608JMI) (FX608JMI-I7R5060S)
ASUS_FA608PP-R9R5070S	asus	ASUS TUF Gaming A16 FA608PP (FA608PP-R9R5070S)
ASUS_V3607VP-C7321R5070W	asus	ASUS Gaming V16 (V3607VP-C7321R5070W)
ASUS_M3607GA-AI7321GRS	asus	ASUS Vivobook S16 (M3607) (M3607GA-AI7321GRS); Copilot＋ PC
ASUS_G700TF-7265KF168W	asus	ROG G700 G700TF (G700TF-7265KF168W)
ASUS_M1607GA-AI7325BUS	asus	ASUS Vivobook 16 (M1607) (M1607GA-AI7325BUS); Copilot+ PC
ASUS_M1605NAQ-R7165SI	asus	ASUS Vivobook 16 (M1605) (M1605NAQ-R7165SI)
ASUS_P3405CVA-I516512PROXS	asus	ExpertBook P3(P3405CVA) (P3405CVA-I516512PROXS)【リファービッシュ品】
ASUS_V501MV--05210H16512O	asus	ASUS V500 Mini Tower (V501MV) (V501MV-05210H16512O)
ASUS_V440VAK-BPC199W	asus	ASUS V400 AiO (V440VAK) (V440VAK-BPC199W)
ASUS_UX5406SA-U5165GR	asus	ASUS Zenbook S 14 UX5406SA (UX5406SA-U5165GR); Copilot+ PC
ASUS_P5605CAA-PL0058X	asus	ASUS ExpertBook P5 G2(P5605CAA) (P5605CAA-PL0058X); Copilot+ PC
ASUS_M1607GA-AI7321BU	asus	ASUS Vivobook 16 (M1607) (M1607GA-AI7321BU); Copilot+ PC
ASUS_FA608PM-R9R5060EC	asus	ASUS TUF Gaming A16 FA608PM (FA608PM-R9R5060EC)
ASUS_UM3406GA-AI5165BL	asus	ASUS Zenbook 14 (UM3406) (UM3406GA-AI5165BL); Copilot+ PC
ASUS_M1605NAQ-R7161SIS	asus	ASUS Vivobook 16 (M1605) (M1605NAQ-R7161SIS)
ASUS_G835LWG-U9R5080	asus	ROG Strix SCAR 18 (G835LWG) (G835LWG-U9R5080)
ASUS_UM3406GA-TAI5165WS	asus	ASUS Zenbook 14 (UM3406) (UM3406GA-TAI5165WS)
ASUS_UM5606GA-TAI9X321GR	asus	ASUS Zenbook S16 (UM5606) (UM5606GA-TAI9X321GR)
ASUS_UX3607QA-PU16570GRS	asus	ASUS Zenbook SORA 16 (UX3607QA) (UX3607QA-PU16570GRS)
ASUS_FA608PM-R9R506016GS	asus	ASUS TUF Gaming A16 FA608PM (FA608PM-R9R506016GS)
ASUS_UX3407NA-GL32170GRS	asus	ASUS Zenbook SORA (UX3407) (UX3407NA-GL32170GRS); Copilot+ PC
ASUS_HT5306QA-PU161W	asus	ASUS ProArt PZ13 HT5306QA (HT5306QA-PU161W); Copilot+ PC
ASUS_FA401UM-R7R5060W	asus	ASUS TUF Gaming A14 FA401UM (FA401UM-R7R5060W)
ASUS_GM700TZ-R9800X102W	asus	ROG G700 (2025) GM700 (GM700TZ-R9800X102W)【リファービッシュ品】
ASUS_FA401UM-R7R506016G	asus	ASUS TUF Gaming A14 FA401UM (FA401UM-R7R506016G)
ASUS_CM1505CM4A-8128BU	asus	ASUS Chromebook CM15 (CM1505) (CM1505CM4A-8128BU)
ASUS_M3607GA-AI7321GR	asus	ASUS Vivobook S16 (M3607) (M3607GA-AI7321GR); Copilot＋ PC
ASUS_PM3406CKA-LY0326X	asus	ASUS ExpertBook P3 (PM3406CKA) (PM3406CKA-LY0326X)
ASUS_UX3607OA-GL481BES	asus	ASUS Zenbook SORA 16(UX3607OA) (UX3607OA-GL481BES);Copilot+PC​
ASUS_FA401UH-R7R5050	asus	ASUS TUF Gaming A14 FA401UH (FA401UH-R7R5050); Copilot+ PC
ASUS_FA608UMI-R7R5060S	asus	ASUS TUF Gaming A16 FA608UMI (FA608UMI-R7R5060S)
ASUS_UX5406SA-TU7321GRS	asus	ASUS Zenbook S14 (UX5406) (UX5406SA-TU7321GRS); Copilot+ PC
ASUS_ROG XBOX ALLY TRAVEL CASE	asus	ROG Xbox Ally (2-in-1) Premium Case
ASUS_PM3406CKA-LY0502X	asus	ASUS ExpertBook P3 (PM3406CKA) (PM3406CKA-LY0502X)
ASUS_UX3407QA-PU16548GRS	asus	ASUS Zenbook SORA UX3407 (UX3407QA-PU16548GRS); Copilot+ PC
ASUS_FA808UH-R7R505016G	asus	ASUS TUF Gaming A18 FA808UH (FA808UH-R7R505016G)
ASUS_V3607VH-C7165R5050WP	asus	ASUS Gaming V16 (V3607VH-C7165R5050WP)
ASUS_RC73YA-Z2A16G512	asus	ROG Xbox Ally (RC73YA-Z2A16G512)
ASUS_X1407CA-U5165BU	asus	ASUS Vivobook 14 X1407CA (X1407CA-U5165BU)
ASUS_UX3607QA-PU16570BES	asus	ASUS Zenbook SORA 16(UX3607QA) (UX3607QA-PU16570BES);Copilot+PC​
ASUS_UX3405CA-TU5165BLW	asus	ASUS Zenbook 14 OLED UX3405CA (UX3405CA-TU5165BLW)
ASUS_UM3406GA-AI7165BL	asus	ASUS Zenbook 14 (UM3406) (UM3406GA-AI7165BL); Copilot+ PC
ASUS_GZ302EA-AI916C	asus	ROG Flow Z13 GZ302EA (GZ302EA-AI916C); Copilot+ PC
ASUS_X1407QA-PU165WS	asus	ASUS Vivobook 14 X1407QA (X1407QA-PU165WS); Copilot+ PC
ASUS_G835LXG-U9R5090R642T	asus	ROG Strix SCAR 18 (G835LXG) (G835LXG-U9R5090R642T)
ASUS_M1407KA-AI5165WS	asus	ASUS Vivobook 14 M1407KA (M1407KA-AI5165WS); Copilot+ PC
ASUS_X1407AA-U5161BU	asus	ASUS Vivobook 14 (X1407) (X1407AA-U5161BU)
ASUS_B9406CAA-TG1028X	asus	ASUS ExpertBook Ultra (B9406CAA) (B9406CAA-TG1028X); Copilot+ PC
ASUS_UX3407RA-HA32570GRS	asus	ASUS Zenbook SORA UX3407 (UX3407RA-HA32570GRS); Copilot+ PC
ASUS_E1404FA-AR38512SIWS	asus	ASUS Vivobook Go 14 (E1404F) (E1404FA-AR38512SIWS)
ASUS_M1607KA-AI5165WS3	asus	ASUS Vivobook 16 (M1607) (M1607KA-AI5165WS3); Copilot+ PC
ASUS_V3607VH-C5161R5050W	asus	ASUS Gaming V16 (V3607VH-C5161R5050W)
ASUS_CX1102CKA-N00010	asus	ASUS Chromebook CX1 (CX1102CKA-N00010)
ASUS_G814FP-R9R5070G300	asus	ROG Strix G18 (G814FP) (G814FP-R9R5070G300)
ASUS_V440VAK-BPC101WS	asus	ASUS V400 AiO (V440VAK) (V440VAK-BPC101WS)
ASUS_CX1400CKA-EB0153CEU	asus	ASUS Chromebook CX1 (CX1400CKA-EB0153CEU)
ASUS_G614PM-R9R5060G300	asus	ROG Strix G16 G614PM (G614PM-R9R5060G300)
ASUS_ROG ALLY PREMIUM CASE	asus	ROG Ally Premium Hard Case(ROG_ALLY_PREMIUM_CASE)
ASUS_E1504FA-AR38512SIWS	asus	ASUS Vivobook Go 15 (E1504F) (E1504FA-AR38512SIWS)
ASUS_S3607AA-U7321GR	asus	ASUS Vivobook S16 (S3607) (S3607AA-U7321GR)
ASUS_P440VAK-BPC947X	asus	ASUS ExpertCenter P400 AiO (P440VA) (P440VAK-BPC947X)
ASUS_G614FP-R9R507032G1T	asus	ROG Strix G16 (G614FP) (G614FP-R9R507032G1T)
ASUS_M1407KA-AI5165WS3	asus	ASUS Vivobook 14 (M1407) (M1407KA-AI5165WS3)
ASUS_FX608JHI-I5R5050S	asus	ASUS TUF Gaming F16 (FX608JHI) (FX608JHI-I5R5050S)
ASUS_M1407KA-AI5165W3	asus	ASUS Vivobook 14 (M1407) (M1407KA-AI5165W3)
ASUS_FA808UM-R7R5060	asus	ASUS TUF Gaming A18 FA808UM (FA808UM-R7R5060)
ASUS_E1504FA-R385SIWS	asus	ASUS Vivobook Go 15 (E1504F) (E1504FA-R385SIWS)
ASUS_G815LR-U9R5070TI300	asus	ROG Strix G18 (G815LR-U9R5070TI300)
ASUS_VM501MH-0R522016512	asus	ASUS V500 Mini Tower (VM501MH) (VM501MH-0R522016512)
ASUS_GU606AX-U9R5090G	asus	ROG Zephyrus G16 (GU606AX) (GU606AX-U9R5090G)
ASUS_M1407GA-AI7165W	asus	ASUS Vivobook 14 (M1407) (M1407GA-AI7165W); Copilot+ PC
ASUS_P1403CVA-S61417X	asus	ASUS ExpertBook P1 (P1403CVA) (P1403CVA-S61417X)
ASUS_PM5406CGA-SF0066X	asus	ASUS ExpertBook P5 G2 (PM5406CGA) (PM5406CGA-SF0066X); Copilot+ PC
ASUS_PM5606CGA-SH0052X	asus	ASUS ExpertBook P5 G2(PM5606CGA) (PM5606CGA-SH0052X); Copilot+ PC
ASUS_M1607GA-AI7165BUS	asus	ASUS Vivobook 16 (M1607) (M1607GA-AI7165BUS); Copilot+ PC
ASUS_GC34R-041	asus	ROG XG Mobile GC34R (GC34R-041)
ASUS_G614PM-R9R506016512	asus	ROG Strix G16 (G614PM) (G614PM-R9R506016512)
ASUS_UM3406GA-AI7321BL	asus	ASUS Zenbook 14 (UM3406) (UM3406GA-AI7321BL); Copilot+ PC
ASUS_P5405CAA-NZ0138X	asus	ASUS ExpertBook P5 G2 (P5405CAA) (P5405CAA-NZ0138X); Copilot+ PC
ASUS_UX5406SA-TU7321WH	asus	ASUS Zenbook S 14 UX5406SA (UX5406SA-TU7321WH); Copilot+ PC
ASUS_UX5406AA-T3U9321GRS	asus	ASUS Zenbook S 14 (UX5406) (UX5406AA-T3U9321GRS); Copilot+ PC
ASUS_X1407QA-PU165W	asus	ASUS Vivobook 14 (X1407QA) (X1407QA-PU165W); Copilot+ PC
ASUS_CM3206DM4A-TR0052	asus	ASUS Chromebook CM32 Detachable (CM3206) (CM3206DM4A-TR0052)
ASUS_TM500MH-R732G1TB5060	asus	ASUS TUF Gaming TM500 TM500MH (TM500MH-R732G1TB5060)
ASUS_P1503CVA-S72034X	asus	ASUS ExpertBook P1 (P1503CVA) (P1503CVA-S72034X)
ASUS_H7606WM-LPAI9321R5060W	asus	ProArt P16 (H7606) (H7606WM-LPAI9321R5060W); Copilot+ PC
ASUS_M1607GA-AI7325BU	asus	ASUS Vivobook 16 (M1607) (M1607GA-AI7325BU); Copilot+ PC
ASUS_G614FR-R9X3D5070TI300	asus	ROG Strix G16 (G614FR) (G614FR-R9X3D5070TI300)
ASUS_E1404FA-AR5165SIWP	asus	ASUS Vivobook Go 14 (E1404F) (E1404FA-AR5165SIWP)
ASUS_TM500MH-0R732G1TB9060XT	asus	ASUS TUF Gaming TM500 TM500MH (TM500MH-R732G1TB9060XT)
ASUS_P1403CVA-S61558X	asus	ASUS ExpertBook P1 (P1403CVA) (P1403CVA-S61558X)
ASUS_H7606WR-AI9642R5070TIW	asus	ProArt P16 (H7606) (H7606WR-AI9642R5070TIW); Copilot+ PC
ASUS_P500MV-I716512PROX	asus	ASUS ExpertCenter P500 Mini Tower (P500MV) (P500MV-I716512PROX)
ASUS_UM3406GA-AI7161BL	asus	ASUS Zenbook 14 (UM3406) (UM3406GA-AI7161BL); Copilot+ PC
ASUS_M3407GA-AI7321GRS	asus	ASUS Vivobook S14 (M3407) (M3407GA-AI7321GRS); Copilot＋ PC
ASUS_M1407KA-AI5165W	asus	ASUS Vivobook 14 M1407KA (M1407KA-AI5165W); Copilot+ PC
ASUS_FA401UM-R7R5060	asus	ASUS TUF Gaming A14 FA401UM (FA401UM-R7R5060); Copilot+ PC
ASUS_VM640GA-WPC006W	asus	ASUS V600 AiO (VM640GA) (VM640GA-WPC006W)
ASUS_UX8406CA-U9321WS	asus	ASUS Zenbook DUO UX8406CA (UX8406CA-U9321WS)
ASUS_X1605VA-C9241BL	asus	ASUS Vivobook 16 (X1605) (X1605VA-C9241BL)
ASUS_P3606CCA-PL0133X	asus	ASUS ExpertBook P3 (P3606CCA) (P3606CCA-PL0133X)
ASUS_RC73XA-Z2E24G1T	asus	ROG Xbox Ally X (RC73XA-Z2E24G1T)
ASUS_UX5406SA-U5165WH	asus	ASUS Zenbook S 14 UX5406SA (UX5406SA-U5165WH); Copilot+ PC
ASUS_V3607VJ-C585R3050W	asus	ASUS Gaming V16 V3607V (V3607VJ-C585R3050W)
ASUS_B1502CVA-BQ0404X	asus	ASUS ExpertBook B1 (B1502CVA-BQ0404X)【リファービッシュ品】
ASUS_V501SV-07240H321TB	asus	ASUS V500 SFF (V501SV) (V501SV-07240H321TB)
ASUS_UX5406AA-T3U9321WHS	asus	ASUS Zenbook S 14 (UX5406) (UX5406AA-T3U9321WHS); Copilot+ PC
ASUS_PM3606CKA-MB0284X	asus	ASUS ExpertBook P3 (PM3606CKA)(PM3606CKA-MB0284X)
ASUS_P500MV-I7321TBPROX	asus	ASUS ExpertCenter P500 Mini Tower (P500MV) (P500MV-I7321TBPROX)【リファービッシュ品】
ASUS_TM500MH-R516G5129060XT	asus	ASUS TUF Gaming TM500 TM500MH (TM500MH-R516G5129060XT)
ASUS_P1503CVA-S72912X	asus	ASUS ExpertBook P1 (P1503CVA) (P1503CVA-S72912X)
ASUS_BM1503CDA-S70577WS	asus	ASUS ExpertBook BM1 (BM1503CDA) (BM1503CDA-S70577WS)
ASUS_S5406SA-U5165W	asus	ASUS Vivobook S 14 S5406SA (S5406SA-U5165W); Copilot+ PC
ASUS_UX3407QA-PU16548BES	asus	ASUS Zenbook SORA UX3407 (UX3407QA-PU16548BES); Copilot+ PC
ASUS_VM501MH-0R7260321TBO	asus	ASUS V500 Mini Tower (VM501MH) (VM501MH-0R7260321TBO)
ASUS_M3407KA-AI5165GR	asus	ASUS Vivobook S14 (M3407) (M3407KA-AI5165GR); Copilot+ PC
ASUS_FA608PM-R9R5060S	asus	ASUS TUF Gaming A16 FA608PM (FA608PM-R9R5060S)
ASUS_CM1505CM4A-464PK	asus	ASUS Chromebook CM15 (CM1505) (CM1505CM4A-464PK)
ASUS_E1404FA-R585FW	asus	ASUS Vivobook Go 14 (E1404FA) (E1404FA-R585FW)
ASUS_VM640GA-WPC006WS	asus	ASUS V600 AiO (VM640GA) (VM640GA-WPC006WS)
ASUS_P3406CCA-NZ0173X	asus	ASUS ExpertBook P3 G1 (P3406CCA) (P3406CCA-NZ0173X)
ASUS_X1607CA-U7161BU	asus	ASUS Vivobook 16 (X1607) (X1607CA-U7161BU)
ASUS_GA403GM-AI9R5060W	asus	ROG Zephyrus G14 GA403GM (GA403GM-AI9R5060W)
ASUS_X1607CA-U7325BU	asus	ASUS Vivobook 16 (X1607) (X1607CA-U7325BU)
ASUS_UM3406GA-AI7321BLS	asus	ASUS Zenbook 14 (UM3406) (UM3406GA-AI7321BLS); Copilot+ PC
ASUS_M1605NAQ-R7161SI	asus	ASUS Vivobook 16 (M1605) (M1605NAQ-R7161SI)
ASUS_FA401GM-AI9R506016G	asus	ASUS TUF Gaming A14 FA401GM (FA401GM-AI9R506016G)
ASUS_VM501MH-0R5220161TBO	asus	ASUS V500 Mini Tower (VM501MH) (VM501MH-0R5220161TBO)
ASUS_GM700TZ-R9800X017W	asus	ROG G700 (2025) GM700 (GM700TZ-R9800X017W)
ASUS_G614PR-R9R5070TI300	asus	ROG Strix G16 (G614PR) (G614PR-R9R5070TI300)
ASUS_GU405AR-U9R5070TIG	asus	ROG Zephyrus G14 (GU405AR) (GU405AR-U9R5070TIG)
ASUS_G700TF-09285K219W	asus	ROG G700 (G700TF-09285K219W)
ASUS_UX3405CA-TU7165SIW	asus	ASUS Zenbook 14 OLED UX3405CA (UX3405CA-TU7165SIW)
ASUS_P500MV-I516256PROX	asus	ASUS ExpertCenter P500 Mini Tower (P500MV) (P500MV-I516256PROX)【リファービッシュ品】
ASUS_GZ302EA-AI916C64G	asus	ROG Flow Z13 GZ302EA (GZ302EA-AI916C64G); Copilot+ PC
ASUS_G614PW-R9R5080	asus	ROG Strix G16 (G614PW) (G614PW-R9R5080)
ASUS_M3407GA-AI7321GR	asus	ASUS Vivobook S14 (M3407) (M3407GA-AI7321GR); Copilot＋ PC
ASUS_X1607CA-U7165BU	asus	ASUS Vivobook 16 (X1607) (X1607CA-U7165BU)
ASUS_E1504FA-AR5165SIWP	asus	ASUS Vivobook Go 15 (E1504F) (E1504FA-AR5165SIWP)
ASUS_X1607CA-U5165BU	asus	ASUS Vivobook 16 X1607CA (X1607CA-U5165BU)
DYNABOOK_W6XZHW7BAL	dynabook	dynabook XZ/HW Webオリジナル 型番：W6XZHW7BAL
DYNABOOK_W6XZHY5CBL	dynabook	dynabook XZ/HY Webオリジナル 型番：W6XZHY5CBL
DYNABOOK_W6GRZZ7EBD	dynabook	dynabook GR/ZZ Webオリジナル 型番：W6GRZZ7EBD
DYNABOOK_W6VZHY5BAL	dynabook	dynabook VZ/HY Webオリジナル 型番：W6VZHY5BAL
DYNABOOK_W6GZHY7CBL	dynabook	dynabook GZ/HY Webオリジナル 型番：W6GZHY7CBL
DYNABOOK_W6GAZY7CAL	dynabook	dynabook GA/ZY Webオリジナル 型番：W6GAZY7CAL
DYNABOOK_W6AZMY7BBG	dynabook	dynabook AZ/MY Webオリジナル 型番：W6AZMY7BBG
DYNABOOK_W6AZMY7CBG	dynabook	dynabook AZ/MY Webオリジナル 型番：W6AZMY7CBG
DYNABOOK_W6GAZY7BAL	dynabook	dynabook GA/ZY Webオリジナル 型番：W6GAZY7BAL
DYNABOOK_W6GZHY7BBL	dynabook	dynabook GZ/HY Webオリジナル 型番：W6GZHY7BBL
DYNABOOK_W6SZMY5EBL	dynabook	dynabook SZ/MY Webオリジナル 型番：W6SZMY5EBL
DYNABOOK_W6SZMY5FBL	dynabook	dynabook SZ/MY Webオリジナル 型番：W6SZMY5FBL
DYNABOOK_W6XZHW7CBL	dynabook	dynabook XZ/HW Webオリジナル 型番：W6XZHW7CBL
DYNABOOK_W6XZHW7BBL	dynabook	dynabook XZ/HW Webオリジナル 型番：W6XZHW7BBL
DYNABOOK_W6GAZY7RAL	dynabook	dynabook GA/ZY Webオリジナル 型番：W6GAZY7RAL
DYNABOOK_W6XZHY7PAS	dynabook	dynabook XZ/HY Webオリジナル 型番：W6XZHY7PAS
DYNABOOK_W6VZHY5CAL	dynabook	dynabook VZ/HY Webオリジナル 型番：W6VZHY5CAL
DYNABOOK_W6XZHY5RBL	dynabook	dynabook XZ/HY Webオリジナル 型番：W6XZHY5RBL
DYNABOOK_W6SZMX5FAL	dynabook	dynabook SZ/MX Webオリジナル 型番：W6SZMX5FAL
DYNABOOK_W6SZMX5EAL	dynabook	dynabook SZ/MX Webオリジナル 型番：W6SZMX5EAL
DYNABOOK_W6GAZY7RBL	dynabook	dynabook GA/ZY Webオリジナル 型番：W6GAZY7RBL
DYNABOOK_W6XZHY5PBL	dynabook	dynabook XZ/HY Webオリジナル 型番：W6XZHY5PBL
DYNABOOK_W6XZHW5CAS	dynabook	dynabook XZ/HW Webオリジナル 型番：W6XZHW5CAS
DYNABOOK_W6XZHW5BAS	dynabook	dynabook XZ/HW Webオリジナル 型番：W6XZHW5BAS
DYNABOOK_W6GRZY7RBM	dynabook	dynabook GR/ZY Webオリジナル 型番：W6GRZY7RBM
DYNABOOK_W6XZHY7PBS	dynabook	dynabook XZ/HY Webオリジナル 型番：W6XZHY7PBS
DYNABOOK_W6GZHY7RAL	dynabook	dynabook GZ/HY Webオリジナル 型番：W6GZHY7RAL
DYNABOOK_W6GRZY7PBM	dynabook	dynabook GR/ZY Webオリジナル 型番：W6GRZY7PBM
DYNABOOK_W6AZMY7CAG	dynabook	dynabook AZ/MY Webオリジナル 型番：W6AZMY7CAG
DYNABOOK_W6GAZY7BBL	dynabook	dynabook GA/ZY Webオリジナル 型番：W6GAZY7BBL
DYNABOOK_W6GZHY7BAL	dynabook	dynabook GZ/HY Webオリジナル 型番：W6GZHY7BAL
DYNABOOK_W6GZHY7CAL	dynabook	dynabook GZ/HY Webオリジナル 型番：W6GZHY7CAL
DYNABOOK_W6GAZY7CBL	dynabook	dynabook GA/ZY Webオリジナル 型番：W6GAZY7CBL
DYNABOOK_W6AZMY7BAG	dynabook	dynabook AZ/MY Webオリジナル 型番：W6AZMY7BAG
DYNABOOK_W6SZMY5PAL	dynabook	dynabook SZ/MY Webオリジナル 型番：W6SZMY5PAL
DYNABOOK_W6RAZY7RAH	dynabook	dynabook RA/ZY Webオリジナル 型番：W6RAZY7RAH
DYNABOOK_W6VZHY5PAL	dynabook	dynabook VZ/HY Webオリジナル 型番：W6VZHY5PAL
DYNABOOK_W6XZHW7PAL	dynabook	dynabook XZ/HW Webオリジナル 型番：W6XZHW7PAL
DYNABOOK_W6XZHY7PCS	dynabook	dynabook XZ/HY Webオリジナル 型番：W6XZHY7PCS
DYNABOOK_W6SZMY5FAL	dynabook	dynabook SZ/MY Webオリジナル 型番：W6SZMY5FAL
DYNABOOK_W6XZHW7RAL	dynabook	dynabook XZ/HW Webオリジナル 型番：W6XZHW7RAL
DYNABOOK_W6GAZY5RDL	dynabook	dynabook GA/ZY Webオリジナル 型番：W6GAZY5RDL
DYNABOOK_W6VZMY7BAL	dynabook	dynabook VZ/MY Webオリジナル 型番：W6VZMY7BAL
DYNABOOK_W6PZMX7RAB	dynabook	dynabook PZ/MX Webオリジナル 型番：W6PZMX7RAB
DYNABOOK_W6XZHY5PDS	dynabook	dynabook XZ/HY Webオリジナル 型番：W6XZHY5PDS
DYNABOOK_W6GRZZ5FAM	dynabook	dynabook GR/ZZ Webオリジナル 型番：W6GRZZ5FAM
DYNABOOK_W6CZMW7FAS	dynabook	dynabook CZ/MW Webオリジナル 型番：W6CZMW7FAS
DYNABOOK_W6RZMW7XBL	dynabook	dynabook RZ/MW Webオリジナル 型番：W6RZMW7XBL
DYNABOOK_W6GRZZ5EAM	dynabook	dynabook GR/ZZ Webオリジナル 型番：W6GRZZ5EAM
DYNABOOK_W6VZHY5RAL	dynabook	dynabook VZ/HY Webオリジナル 型番：W6VZHY5RAL
DYNABOOK_W6PZMX7PAB	dynabook	dynabook PZ/MX Webオリジナル 型番：W6PZMX7PAB
DYNABOOK_W6XZHY5RDS	dynabook	dynabook XZ/HY Webオリジナル 型番：W6XZHY5RDS
DYNABOOK_W6CZMW7EAS	dynabook	dynabook CZ/MW Webオリジナル 型番：W6CZMW7EAS
DYNABOOK_W6GAZY5PDL	dynabook	dynabook GA/ZY Webオリジナル 型番：W6GAZY5PDL
DYNABOOK_W6GAZY7PCL	dynabook	dynabook GA/ZY Webオリジナル 型番：W6GAZY7PCL
DYNABOOK_W6RZMY5CBL	dynabook	dynabook RZ/MY Webオリジナル 型番：W6RZMY5CBL
DYNABOOK_W6RZMY5BBL	dynabook	dynabook RZ/MY Webオリジナル 型番：W6RZMY5BBL
DYNABOOK_W6KZ2YCUAB	dynabook	dynabook KZ20/Y Webオリジナル 型番：W6KZ2YCUAB
DYNABOOK_W6AZLY5PAL	dynabook	dynabook AZ/LY Webオリジナル 型番：W6AZLY5PAL
DYNABOOK_W6RZMW7WBL	dynabook	dynabook RZ/MW Webオリジナル 型番：W6RZMW7WBL
DYNABOOK_W6XZHY5BBL	dynabook	dynabook XZ/HY Webオリジナル 型番：W6XZHY5BBL
DYNABOOK_W6XAZY5RAM	dynabook	dynabook XA/ZY Webオリジナル 型番：W6XAZY5RAM
DYNABOOK_W6RZMY7PBL	dynabook	dynabook RZ/MY Webオリジナル 型番：W6RZMY7PBL
DYNABOOK_W6MZMY5EBL	dynabook	dynabook MZ/MY Webオリジナル 型番：W6MZMY5EBL
DYNABOOK_W6XAZY5PAM	dynabook	dynabook XA/ZY Webオリジナル 型番：W6XAZY5PAM
DYNABOOK_W6CZMY7FAS	dynabook	dynabook CZ/MY Webオリジナル 型番：W6CZMY7FAS
DYNABOOK_W6GAZY7PBL	dynabook	dynabook GA/ZY Webオリジナル 型番：W6GAZY7PBL
DYNABOOK_W6AZLY5RAL	dynabook	dynabook AZ/LY Webオリジナル 型番：W6AZLY5RAL
DYNABOOK_W6RZMW7RBL	dynabook	dynabook RZ/MW Webオリジナル 型番：W6RZMW7RBL
DYNABOOK_W6MZMY7FBL	dynabook	dynabook MZ/MY Webオリジナル 型番：W6MZMY7FBL
DYNABOOK_W6AZHW7BAG	dynabook	dynabook AZ/HW Webオリジナル 型番：W6AZHW7BAG
DYNABOOK_W6RAZY7PAH	dynabook	dynabook RA/ZY Webオリジナル 型番：W6RAZY7PAH
DYNABOOK_W6SZMY5EAL	dynabook	dynabook SZ/MY Webオリジナル 型番：W6SZMY5EAL
DYNABOOK_W6RZMW7PBL	dynabook	dynabook RZ/MW Webオリジナル 型番：W6RZMW7PBL
DYNABOOK_W6AZHW7CAG	dynabook	dynabook AZ/HW Webオリジナル 型番：W6AZHW7CAG
DYNABOOK_W6MZMY7EBL	dynabook	dynabook MZ/MY Webオリジナル 型番：W6MZMY7EBL
DYNABOOK_W6RZMW7BBL	dynabook	dynabook RZ/MW Webオリジナル 型番：W6RZMW7BBL
DYNABOOK_W6AZLY5FAL	dynabook	dynabook AZ/LY Webオリジナル 型番：W6AZLY5FAL
DYNABOOK_W6RZMW7CBL	dynabook	dynabook RZ/MW Webオリジナル 型番：W6RZMW7CBL
DYNABOOK_W6AZLY5EAL	dynabook	dynabook AZ/LY Webオリジナル 型番：W6AZLY5EAL
DYNABOOK_W6RZHX7CAL	dynabook	dynabook RZ/HX Webオリジナル 型番：W6RZHX7CAL
DYNABOOK_W6MZMY7PBL	dynabook	dynabook MZ/MY Webオリジナル 型番：W6MZMY7PBL
DYNABOOK_W6MZMY7RBL	dynabook	dynabook MZ/MY Webオリジナル 型番：W6MZMY7RBL
DYNABOOK_W6SZMX5RBL	dynabook	dynabook SZ/MX Webオリジナル 型番：W6SZMX5RBL
DYNABOOK_W6RZMY5RBL	dynabook	dynabook RZ/MY Webオリジナル 型番：W6RZMY5RBL
DYNABOOK_W6PZMX7EAB	dynabook	dynabook PZ/MX Webオリジナル 型番：W6PZMX7EAB
DYNABOOK_W6RZMY5PBL	dynabook	dynabook RZ/MY Webオリジナル 型番：W6RZMY5PBL
DYNABOOK_W6XDZA7CAM	dynabook	dynabook XD/ZA Webオリジナル 型番：W6XDZA7CAM
DYNABOOK_W6XDZA7BAM	dynabook	dynabook XD/ZA Webオリジナル 型番：W6XDZA7BAM
DYNABOOK_W6PZMX7FAB	dynabook	dynabook PZ/MX Webオリジナル 型番：W6PZMX7FAB
DYNABOOK_W6VZMY7RAL	dynabook	dynabook VZ/MY Webオリジナル 型番：W6VZMY7RAL
DYNABOOK_W6GRZZ7EBJ	dynabook	dynabook GR/ZZ Webオリジナル 型番：W6GRZZ7EBJ
DYNABOOK_W6GRZZ7FBJ	dynabook	dynabook GR/ZZ Webオリジナル 型番：W6GRZZ7FBJ
DYNABOOK_W6VZMY7PAL	dynabook	dynabook VZ/MY Webオリジナル 型番：W6VZMY7PAL
DYNABOOK_W6AZLY5ECL	dynabook	dynabook AZ/LY Webオリジナル 型番：W6AZLY5ECL
DYNABOOK_W6AZLY5RBL	dynabook	dynabook AZ/LY Webオリジナル 型番：W6AZLY5RBL
DYNABOOK_W6RZHX7BAL	dynabook	dynabook RZ/HX Webオリジナル 型番：W6RZHX7BAL
DYNABOOK_W6RAZY5BAM	dynabook	dynabook RA/ZY Webオリジナル 型番：W6RAZY5BAM
DYNABOOK_W6AZLY5FCL	dynabook	dynabook AZ/LY Webオリジナル 型番：W6AZLY5FCL
DYNABOOK_W6RZMX5WBL	dynabook	dynabook RZ/MX Webオリジナル 型番：W6RZMX5WBL
DYNABOOK_W6RAZY5CAM	dynabook	dynabook RA/ZY Webオリジナル 型番：W6RAZY5CAM
DYNABOOK_W6AZLY5PBL	dynabook	dynabook AZ/LY Webオリジナル 型番：W6AZLY5PBL
DYNABOOK_W6PZMY7EAB	dynabook	dynabook PZ/MY Webオリジナル 型番：W6PZMY7EAB
DYNABOOK_W6AZHW7CBG	dynabook	dynabook AZ/HW Webオリジナル 型番：W6AZHW7CBG
DYNABOOK_W6AZHW7BBG	dynabook	dynabook AZ/HW Webオリジナル 型番：W6AZHW7BBG
DYNABOOK_W6BZMX7FAB	dynabook	dynabook BZ/MX Webオリジナル 型番：W6BZMX7FAB
DYNABOOK_W6PZMY7FAB	dynabook	dynabook PZ/MY Webオリジナル 型番：W6PZMY7FAB
DYNABOOK_W6BZMX7EAB	dynabook	dynabook BZ/MX Webオリジナル 型番：W6BZMX7EAB
DYNABOOK_W6XZHY7PDL	dynabook	dynabook XZ/HY Webオリジナル 型番：W6XZHY7PDL
DYNABOOK_W6CZMW7EBS	dynabook	dynabook CZ/MW Webオリジナル 型番：W6CZMW7EBS
DYNABOOK_W6GZHY5PDL	dynabook	dynabook GZ/HY Webオリジナル 型番：W6GZHY5PDL
DYNABOOK_W6MZMX7PBL	dynabook	dynabook MZ/MX Webオリジナル 型番：W6MZMX7PBL
DYNABOOK_W6MZMX7FCL	dynabook	dynabook MZ/MX Webオリジナル 型番：W6MZMX7FCL
DYNABOOK_W6RZMX5XBL	dynabook	dynabook RZ/MX Webオリジナル 型番：W6RZMX5XBL
DYNABOOK_W6CZMW7FBS	dynabook	dynabook CZ/MW Webオリジナル 型番：W6CZMW7FBS
DYNABOOK_W6MZMX7ECL	dynabook	dynabook MZ/MX Webオリジナル 型番：W6MZMX7ECL
DYNABOOK_W6MZMX7RBL	dynabook	dynabook MZ/MX Webオリジナル 型番：W6MZMX7RBL
DYNABOOK_W6BAZY5BAH	dynabook	dynabook BA/ZY Webオリジナル 型番：W6BAZY5BAH
DYNABOOK_W6BAZY5CAH	dynabook	dynabook BA/ZY Webオリジナル 型番：W6BAZY5CAH
DYNABOOK_W6MZMX7FBL	dynabook	dynabook MZ/MX Webオリジナル 型番：W6MZMX7FBL
DYNABOOK_W6SZMX5PBL	dynabook	dynabook SZ/MX Webオリジナル 型番：W6SZMX5PBL
DYNABOOK_W6BAZY5PAH	dynabook	dynabook BA/ZY Webオリジナル 型番：W6BAZY5PAH
DYNABOOK_W6MZMX7PCL	dynabook	dynabook MZ/MX Webオリジナル 型番：W6MZMX7PCL
DYNABOOK_W6MZMX7EBL	dynabook	dynabook MZ/MX Webオリジナル 型番：W6MZMX7EBL
DYNABOOK_W6BAZY5RAH	dynabook	dynabook BA/ZY Webオリジナル 型番：W6BAZY5RAH
DYNABOOK_W6MZMX7RCL	dynabook	dynabook MZ/MX Webオリジナル 型番：W6MZMX7RCL
DYNABOOK_W6RZMX5BBL	dynabook	dynabook RZ/MX Webオリジナル 型番：W6RZMX5BBL
DYNABOOK_W6AZLY5EBL	dynabook	dynabook AZ/LY Webオリジナル 型番：W6AZLY5EBL
DYNABOOK_W6AZLY5RCL	dynabook	dynabook AZ/LY Webオリジナル 型番：W6AZLY5RCL
DYNABOOK_W6MZMY5PBL	dynabook	dynabook MZ/MY Webオリジナル 型番：W6MZMY5PBL
DYNABOOK_W6RZMX5CBL	dynabook	dynabook RZ/MX Webオリジナル 型番：W6RZMX5CBL
DYNABOOK_W6KZ2XCUAB	dynabook	dynabook KZ20/X Webオリジナル 型番：W6KZ2XCUAB
DYNABOOK_W6AZLY5PCL	dynabook	dynabook AZ/LY Webオリジナル 型番：W6AZLY5PCL
DYNABOOK_W6RZMW7CAL	dynabook	dynabook RZ/MW Webオリジナル 型番：W6RZMW7CAL
DYNABOOK_W6RZMW7BAL	dynabook	dynabook RZ/MW Webオリジナル 型番：W6RZMW7BAL
DYNABOOK_W6AZLY5FBL	dynabook	dynabook AZ/LY Webオリジナル 型番：W6AZLY5FBL
DYNABOOK_W6PZMY7RAB	dynabook	dynabook PZ/MY Webオリジナル 型番：W6PZMY7RAB
DYNABOOK_W6BZMX7PAB	dynabook	dynabook BZ/MX Webオリジナル 型番：W6BZMX7PAB
DYNABOOK_W6PZMY7PAB	dynabook	dynabook PZ/MY Webオリジナル 型番：W6PZMY7PAB
DYNABOOK_W6BZMX7RAB	dynabook	dynabook BZ/MX Webオリジナル 型番：W6BZMX7RAB
DYNABOOK_W6GZHY7CBW	dynabook	dynabook GZ/HY Webオリジナル 型番：W6GZHY7CBW
DYNABOOK_W6XZHW7RBS	dynabook	dynabook XZ/HW Webオリジナル 型番：W6XZHW7RBS
DYNABOOK_W6SZMX7FCL	dynabook	dynabook SZ/MX Webオリジナル 型番：W6SZMX7FCL
DYNABOOK_W6SZMX7PBL	dynabook	dynabook SZ/MX Webオリジナル 型番：W6SZMX7PBL
DYNABOOK_W6GZHY7BBW	dynabook	dynabook GZ/HY Webオリジナル 型番：W6GZHY7BBW
DYNABOOK_W6SZMX7ECL	dynabook	dynabook SZ/MX Webオリジナル 型番：W6SZMX7ECL
DYNABOOK_W6SZMX7RBL	dynabook	dynabook SZ/MX Webオリジナル 型番：W6SZMX7RBL
DYNABOOK_W6XZHW7PBS	dynabook	dynabook XZ/HW Webオリジナル 型番：W6XZHW7PBS
DYNABOOK_W6VZHW5CAL	dynabook	dynabook VZ/HW Webオリジナル 型番：W6VZHW5CAL
DYNABOOK_W6XZHY7CAL	dynabook	dynabook XZ/HY Webオリジナル 型番：W6XZHY7CAL
DYNABOOK_W6XZHY7BAL	dynabook	dynabook XZ/HY Webオリジナル 型番：W6XZHY7BAL
DYNABOOK_W6VZHW5BAL	dynabook	dynabook VZ/HW Webオリジナル 型番：W6VZHW5BAL
DYNABOOK_W6XZHY5CBS	dynabook	dynabook XZ/HY Webオリジナル 型番：W6XZHY5CBS
DYNABOOK_W6XZHY5BBS	dynabook	dynabook XZ/HY Webオリジナル 型番：W6XZHY5BBS
DYNABOOK_W6GAZY5BBL	dynabook	dynabook GA/ZY Webオリジナル 型番：W6GAZY5BBL
DYNABOOK_W6GZHY5BAL	dynabook	dynabook GZ/HY Webオリジナル 型番：W6GZHY5BAL
DYNABOOK_W6GZHY5CAL	dynabook	dynabook GZ/HY Webオリジナル 型番：W6GZHY5CAL
DYNABOOK_W6GAZY5CBL	dynabook	dynabook GA/ZY Webオリジナル 型番：W6GAZY5CBL
DYNABOOK_W6XZHY5RCS	dynabook	dynabook XZ/HY Webオリジナル 型番：W6XZHY5RCS
DYNABOOK_W6XZHW5RAL	dynabook	dynabook XZ/HW Webオリジナル 型番：W6XZHW5RAL
DYNABOOK_W6GAZY5PCL	dynabook	dynabook GA/ZY Webオリジナル 型番：W6GAZY5PCL
DYNABOOK_W6XPZA5PAH	dynabook	dynabook XP/ZA Webオリジナル 型番：W6XPZA5PAH
DYNABOOK_W6XPZA5RAH	dynabook	dynabook XP/ZA Webオリジナル 型番：W6XPZA5RAH
DYNABOOK_W6GAZY5RCL	dynabook	dynabook GA/ZY Webオリジナル 型番：W6GAZY5RCL
DYNABOOK_W6XZHY5PCS	dynabook	dynabook XZ/HY Webオリジナル 型番：W6XZHY5PCS
DYNABOOK_W6XZHW5PAL	dynabook	dynabook XZ/HW Webオリジナル 型番：W6XZHW5PAL
DYNABOOK_W6XZHW5BAL	dynabook	dynabook XZ/HW Webオリジナル 型番：W6XZHW5BAL
DYNABOOK_W6VZHW7CAL	dynabook	dynabook VZ/HW Webオリジナル 型番：W6VZHW7CAL
DYNABOOK_W6VZHY7BAL	dynabook	dynabook VZ/HY Webオリジナル 型番：W6VZHY7BAL
DYNABOOK_W6VZHY7CAL	dynabook	dynabook VZ/HY Webオリジナル 型番：W6VZHY7CAL
DYNABOOK_W6XZHW5CAL	dynabook	dynabook XZ/HW Webオリジナル 型番：W6XZHW5CAL
DYNABOOK_W6XPZA5BAH	dynabook	dynabook XP/ZA Webオリジナル 型番：W6XPZA5BAH
DYNABOOK_W6XPZA5CAH	dynabook	dynabook XP/ZA Webオリジナル 型番：W6XPZA5CAH
DYNABOOK_W6XZHY5CAL	dynabook	dynabook XZ/HY Webオリジナル 型番：W6XZHY5CAL
DYNABOOK_W6XZHY5RBS	dynabook	dynabook XZ/HY Webオリジナル 型番：W6XZHY5RBS
DYNABOOK_W6GZHY5PAL	dynabook	dynabook GZ/HY Webオリジナル 型番：W6GZHY5PAL
DYNABOOK_W6GAZY5PBL	dynabook	dynabook GA/ZY Webオリジナル 型番：W6GAZY5PBL
DYNABOOK_W6GAZY5RBL	dynabook	dynabook GA/ZY Webオリジナル 型番：W6GAZY5RBL
DYNABOOK_W6XZHY5PBS	dynabook	dynabook XZ/HY Webオリジナル 型番：W6XZHY5PBS
DYNABOOK_W6GZHY5RAL	dynabook	dynabook GZ/HY Webオリジナル 型番：W6GZHY5RAL
DYNABOOK_W6XZHY5BAL	dynabook	dynabook XZ/HY Webオリジナル 型番：W6XZHY5BAL
DYNABOOK_W6SZMX7PCL	dynabook	dynabook SZ/MX Webオリジナル 型番：W6SZMX7PCL
DYNABOOK_W6XZHY7RAL	dynabook	dynabook XZ/HY Webオリジナル 型番：W6XZHY7RAL
DYNABOOK_W6SZMX7FBL	dynabook	dynabook SZ/MX Webオリジナル 型番：W6SZMX7FBL
DYNABOOK_W6XZHY7PAL	dynabook	dynabook XZ/HY Webオリジナル 型番：W6XZHY7PAL
DYNABOOK_W6SZMX7EBL	dynabook	dynabook SZ/MX Webオリジナル 型番：W6SZMX7EBL
DYNABOOK_W6SZMX7RCL	dynabook	dynabook SZ/MX Webオリジナル 型番：W6SZMX7RCL
DYNABOOK_W6XZHW7BBS	dynabook	dynabook XZ/HW Webオリジナル 型番：W6XZHW7BBS
DYNABOOK_W6GRZY5RAM	dynabook	dynabook GR/ZY Webオリジナル 型番：W6GRZY5RAM
DYNABOOK_W6VZHW7BAL	dynabook	dynabook VZ/HW Webオリジナル 型番：W6VZHW7BAL
DYNABOOK_W6XZHW7CBS	dynabook	dynabook XZ/HW Webオリジナル 型番：W6XZHW7CBS
DYNABOOK_W6RZMW7BEL	dynabook	dynabook RZ/MW Webオリジナル 型番：W6RZMW7BEL
DYNABOOK_W6GRZY5PAM	dynabook	dynabook GR/ZY Webオリジナル 型番：W6GRZY5PAM
DYNABOOK_W6GAZY5CAL	dynabook	dynabook GA/ZY Webオリジナル 型番：W6GAZY5CAL
DYNABOOK_W6GAZY5BAL	dynabook	dynabook GA/ZY Webオリジナル 型番：W6GAZY5BAL
DYNABOOK_W6XZHY5BAS	dynabook	dynabook XZ/HY Webオリジナル 型番：W6XZHY5BAS
DYNABOOK_W6XZHY5CAS	dynabook	dynabook XZ/HY Webオリジナル 型番：W6XZHY5CAS
DYNABOOK_W6PZMY5PBB	dynabook	dynabook PZ/MY Webオリジナル 型番：W6PZMY5PBB
DYNABOOK_W6VZHY7PBL	dynabook	dynabook VZ/HY Webオリジナル 型番：W6VZHY7PBL
DYNABOOK_W6SZMY7FBL	dynabook	dynabook SZ/MY Webオリジナル 型番：W6SZMY7FBL
DYNABOOK_W6XZHW5PBL	dynabook	dynabook XZ/HW Webオリジナル 型番：W6XZHW5PBL
DYNABOOK_W6SZMY7EBL	dynabook	dynabook SZ/MY Webオリジナル 型番：W6SZMY7EBL
DYNABOOK_W6GZHY5PCL	dynabook	dynabook GZ/HY Webオリジナル 型番：W6GZHY5PCL
DYNABOOK_W6XZHW5RBL	dynabook	dynabook XZ/HW Webオリジナル 型番：W6XZHW5RBL
DYNABOOK_W6VZHY7RBL	dynabook	dynabook VZ/HY Webオリジナル 型番：W6VZHY7RBL
DYNABOOK_W6XAZY7CAH	dynabook	dynabook XA/ZY Webオリジナル 型番：W6XAZY7CAH
DYNABOOK_W6XZHY7PCL	dynabook	dynabook XZ/HY Webオリジナル 型番：W6XZHY7PCL
DYNABOOK_W6XZHW7PAS	dynabook	dynabook XZ/HW Webオリジナル 型番：W6XZHW7PAS
DYNABOOK_W6XAZY7BAH	dynabook	dynabook XA/ZY Webオリジナル 型番：W6XAZY7BAH
DYNABOOK_W6XZHW7RAS	dynabook	dynabook XZ/HW Webオリジナル 型番：W6XZHW7RAS
DYNABOOK_W6AZLY5FDL	dynabook	dynabook AZ/LY Webオリジナル 型番：W6AZLY5FDL
DYNABOOK_W6XZHY7BBL	dynabook	dynabook XZ/HY Webオリジナル 型番：W6XZHY7BBL
DYNABOOK_W6AZLY5EDL	dynabook	dynabook AZ/LY Webオリジナル 型番：W6AZLY5EDL
DYNABOOK_W6XZHY7CBL	dynabook	dynabook XZ/HY Webオリジナル 型番：W6XZHY7CBL
DYNABOOK_W6SZMX5EBL	dynabook	dynabook SZ/MX Webオリジナル 型番：W6SZMX5EBL
DYNABOOK_W6XZHY7PBL	dynabook	dynabook XZ/HY Webオリジナル 型番：W6XZHY7PBL
DYNABOOK_W6XZHY7RBL	dynabook	dynabook XZ/HY Webオリジナル 型番：W6XZHY7RBL
DYNABOOK_W6SZMY5RAL	dynabook	dynabook SZ/MY Webオリジナル 型番：W6SZMY5RAL
DYNABOOK_W6GRZY5PBM	dynabook	dynabook GR/ZY Webオリジナル 型番：W6GRZY5PBM
DYNABOOK_W6XAZY7RAH	dynabook	dynabook XA/ZY Webオリジナル 型番：W6XAZY7RAH
DYNABOOK_W6AZLY5PDL	dynabook	dynabook AZ/LY Webオリジナル 型番：W6AZLY5PDL
DYNABOOK_W6XAZY7PAH	dynabook	dynabook XA/ZY Webオリジナル 型番：W6XAZY7PAH
DYNABOOK_W6AZLY5RDL	dynabook	dynabook AZ/LY Webオリジナル 型番：W6AZLY5RDL
DYNABOOK_W6XZHW7CAS	dynabook	dynabook XZ/HW Webオリジナル 型番：W6XZHW7CAS
DYNABOOK_W6XZHW7BAS	dynabook	dynabook XZ/HW Webオリジナル 型番：W6XZHW7BAS
DYNABOOK_W6GRZY5RBM	dynabook	dynabook GR/ZY Webオリジナル 型番：W6GRZY5RBM
DYNABOOK_W6GRZZ5FAD	dynabook	dynabook GR/ZZ Webオリジナル 型番：W6GRZZ5FAD
DYNABOOK_W6VZHY7CBL	dynabook	dynabook VZ/HY Webオリジナル 型番：W6VZHY7CBL
DYNABOOK_W6XZHW5CBL	dynabook	dynabook XZ/HW Webオリジナル 型番：W6XZHW5CBL
DYNABOOK_W6XZHW5BBL	dynabook	dynabook XZ/HW Webオリジナル 型番：W6XZHW5BBL
DYNABOOK_W6GRZZ5EAD	dynabook	dynabook GR/ZZ Webオリジナル 型番：W6GRZZ5EAD
DYNABOOK_W6VZHY7BBL	dynabook	dynabook VZ/HY Webオリジナル 型番：W6VZHY7BBL
DYNABOOK_W6SZMY7PBL	dynabook	dynabook SZ/MY Webオリジナル 型番：W6SZMY7PBL
DYNABOOK_W6GAZY5RAL	dynabook	dynabook GA/ZY Webオリジナル 型番：W6GAZY5RAL
DYNABOOK_W6GZHY5RBL	dynabook	dynabook GZ/HY Webオリジナル 型番：W6GZHY5RBL
DYNABOOK_W6XZHY5PAS	dynabook	dynabook XZ/HY Webオリジナル 型番：W6XZHY5PAS
DYNABOOK_W6GZHY5PBL	dynabook	dynabook GZ/HY Webオリジナル 型番：W6GZHY5PBL
DYNABOOK_W6XZHY5RAS	dynabook	dynabook XZ/HY Webオリジナル 型番：W6XZHY5RAS
DYNABOOK_W6GAZY5PAL	dynabook	dynabook GA/ZY Webオリジナル 型番：W6GAZY5PAL
DYNABOOK_W6SZMY7RBL	dynabook	dynabook SZ/MY Webオリジナル 型番：W6SZMY7RBL
DYNABOOK_W6XZHY5RAL	dynabook	dynabook XZ/HY Webオリジナル 型番：W6XZHY5RAL
DYNABOOK_W6PZMX5RBB	dynabook	dynabook PZ/MX Webオリジナル 型番：W6PZMX5RBB
DYNABOOK_W6MZMX5RBL	dynabook	dynabook MZ/MX Webオリジナル 型番：W6MZMX5RBL
DYNABOOK_W6GRZZ7FBM	dynabook	dynabook GR/ZZ Webオリジナル 型番：W6GRZZ7FBM
DYNABOOK_W6MZMX5PBL	dynabook	dynabook MZ/MX Webオリジナル 型番：W6MZMX5PBL
DYNABOOK_W6PZMX5PBB	dynabook	dynabook PZ/MX Webオリジナル 型番：W6PZMX5PBB
DYNABOOK_W6GRZZ7EBM	dynabook	dynabook GR/ZZ Webオリジナル 型番：W6GRZZ7EBM
DYNABOOK_W6RZMX7XBL	dynabook	dynabook RZ/MX Webオリジナル 型番：W6RZMX7XBL
DYNABOOK_W6RZMY7BAL	dynabook	dynabook RZ/MY Webオリジナル 型番：W6RZMY7BAL
DYNABOOK_W6BAZY7BAH	dynabook	dynabook BA/ZY Webオリジナル 型番：W6BAZY7BAH
DYNABOOK_W6BAZY7CAH	dynabook	dynabook BA/ZY Webオリジナル 型番：W6BAZY7CAH
DYNABOOK_W6RZMY7CAL	dynabook	dynabook RZ/MY Webオリジナル 型番：W6RZMY7CAL
DYNABOOK_W6SZMX5FBL	dynabook	dynabook SZ/MX Webオリジナル 型番：W6SZMX5FBL
DYNABOOK_W6RZMX7WBL	dynabook	dynabook RZ/MX Webオリジナル 型番：W6RZMX7WBL
DYNABOOK_W6PZMX3PAB	dynabook	dynabook PZ/MX Webオリジナル 型番：W6PZMX3PAB
DYNABOOK_W6PZMY5FAB	dynabook	dynabook PZ/MY Webオリジナル 型番：W6PZMY5FAB
DYNABOOK_W6MZMY5FAL	dynabook	dynabook MZ/MY Webオリジナル 型番：W6MZMY5FAL
DYNABOOK_W6BZMX5EAB	dynabook	dynabook BZ/MX Webオリジナル 型番：W6BZMX5EAB
DYNABOOK_W6XZHY5PDL	dynabook	dynabook XZ/HY Webオリジナル 型番：W6XZHY5PDL
DYNABOOK_W6XZHY5RDL	dynabook	dynabook XZ/HY Webオリジナル 型番：W6XZHY5RDL
DYNABOOK_W6MZMY5EAL	dynabook	dynabook MZ/MY Webオリジナル 型番：W6MZMY5EAL
DYNABOOK_W6PZMY5EAB	dynabook	dynabook PZ/MY Webオリジナル 型番：W6PZMY5EAB
DYNABOOK_W6BZMX5FAB	dynabook	dynabook BZ/MX Webオリジナル 型番：W6BZMX5FAB
DYNABOOK_W6PZMX3RAB	dynabook	dynabook PZ/MX Webオリジナル 型番：W6PZMX3RAB
DYNABOOK_W6RZMX7BBL	dynabook	dynabook RZ/MX Webオリジナル 型番：W6RZMX7BBL
DYNABOOK_W6BZMX5RAB	dynabook	dynabook BZ/MX Webオリジナル 型番：W6BZMX5RAB
DYNABOOK_W6PZMX3FAB	dynabook	dynabook PZ/MX Webオリジナル 型番：W6PZMX3FAB
DYNABOOK_W6CZMY7FBS	dynabook	dynabook CZ/MY Webオリジナル 型番：W6CZMY7FBS
DYNABOOK_W6PZMX3EAB	dynabook	dynabook PZ/MX Webオリジナル 型番：W6PZMX3EAB
DYNABOOK_W6CZMY7EBS	dynabook	dynabook CZ/MY Webオリジナル 型番：W6CZMY7EBS
DYNABOOK_W6PZMX5EBB	dynabook	dynabook PZ/MX Webオリジナル 型番：W6PZMX5EBB
DYNABOOK_W6MZMX5EBL	dynabook	dynabook MZ/MX Webオリジナル 型番：W6MZMX5EBL
DYNABOOK_W6BAZY7RAH	dynabook	dynabook BA/ZY Webオリジナル 型番：W6BAZY7RAH
DYNABOOK_W6GRZY7PAM	dynabook	dynabook GR/ZY Webオリジナル 型番：W6GRZY7PAM
DYNABOOK_W6MZMX5FBL	dynabook	dynabook MZ/MX Webオリジナル 型番：W6MZMX5FBL
DYNABOOK_W6AZMY7BDG	dynabook	dynabook AZ/MY Webオリジナル 型番：W6AZMY7BDG
DYNABOOK_W6GRZZ5EAJ	dynabook	dynabook GR/ZZ Webオリジナル 型番：W6GRZZ5EAJ
DYNABOOK_W6AZMY7CDG	dynabook	dynabook AZ/MY Webオリジナル 型番：W6AZMY7CDG
DYNABOOK_W6GRZZ5FAJ	dynabook	dynabook GR/ZZ Webオリジナル 型番：W6GRZZ5FAJ
DYNABOOK_W6GRZY7RAM	dynabook	dynabook GR/ZY Webオリジナル 型番：W6GRZY7RAM
DYNABOOK_W6RZMW5WBL	dynabook	dynabook RZ/MW Webオリジナル 型番：W6RZMW5WBL
DYNABOOK_W6XZHY7RBS	dynabook	dynabook XZ/HY Webオリジナル 型番：W6XZHY7RBS
DYNABOOK_W6RZMX7WAL	dynabook	dynabook RZ/MX Webオリジナル 型番：W6RZMX7WAL
DYNABOOK_W6AZHW5BAG	dynabook	dynabook AZ/HW Webオリジナル 型番：W6AZHW5BAG
DYNABOOK_W6BZMX5FBB	dynabook	dynabook BZ/MX Webオリジナル 型番：W6BZMX5FBB
DYNABOOK_W6RZMW5PBL	dynabook	dynabook RZ/MW Webオリジナル 型番：W6RZMW5PBL
DYNABOOK_W6AZHW5CAG	dynabook	dynabook AZ/HW Webオリジナル 型番：W6AZHW5CAG
DYNABOOK_W6PZMY5EBB	dynabook	dynabook PZ/MY Webオリジナル 型番：W6PZMY5EBB
DYNABOOK_W6BZMX5EBB	dynabook	dynabook BZ/MX Webオリジナル 型番：W6BZMX5EBB
DYNABOOK_W6RZMW5RBL	dynabook	dynabook RZ/MW Webオリジナル 型番：W6RZMW5RBL
DYNABOOK_W6MZMY5FBL	dynabook	dynabook MZ/MY Webオリジナル 型番：W6MZMY5FBL
DYNABOOK_W6PZMY5FBB	dynabook	dynabook PZ/MY Webオリジナル 型番：W6PZMY5FBB
DYNABOOK_W6BZMX3EAB	dynabook	dynabook BZ/MX Webオリジナル 型番：W6BZMX3EAB
DYNABOOK_W6GRZZ7EAM	dynabook	dynabook GR/ZZ Webオリジナル 型番：W6GRZZ7EAM
DYNABOOK_W6RZMX7XAL	dynabook	dynabook RZ/MX Webオリジナル 型番：W6RZMX7XAL
DYNABOOK_W6PZMX5PAB	dynabook	dynabook PZ/MX Webオリジナル 型番：W6PZMX5PAB
DYNABOOK_W6MZMX5PAL	dynabook	dynabook MZ/MX Webオリジナル 型番：W6MZMX5PAL
DYNABOOK_W6CZMW5EAS	dynabook	dynabook CZ/MW Webオリジナル 型番：W6CZMW5EAS
DYNABOOK_W6GAZY7PDL	dynabook	dynabook GA/ZY Webオリジナル 型番：W6GAZY7PDL
DYNABOOK_W6BZMX3FAB	dynabook	dynabook BZ/MX Webオリジナル 型番：W6BZMX3FAB
DYNABOOK_W6XZHY7PDS	dynabook	dynabook XZ/HY Webオリジナル 型番：W6XZHY7PDS
DYNABOOK_W6GRZZ7FAM	dynabook	dynabook GR/ZZ Webオリジナル 型番：W6GRZZ7FAM
DYNABOOK_W6CZMW5FAS	dynabook	dynabook CZ/MW Webオリジナル 型番：W6CZMW5FAS
DYNABOOK_W6VZMY5CAL	dynabook	dynabook VZ/MY Webオリジナル 型番：W6VZMY5CAL
DYNABOOK_W6RZMW5XBL	dynabook	dynabook RZ/MW Webオリジナル 型番：W6RZMW5XBL
DYNABOOK_W6GZHY7PBL	dynabook	dynabook GZ/HY Webオリジナル 型番：W6GZHY7PBL
DYNABOOK_W6XZHW7CAL	dynabook	dynabook XZ/HW Webオリジナル 型番：W6XZHW7CAL
DYNABOOK_W6PZMA5PAB	dynabook	dynabook PZ/MA Webオリジナル 型番：W6PZMA5PAB
DYNABOOK_W6MZMA5PAL	dynabook	dynabook MZ/MA Webオリジナル 型番：W6MZMA5PAL
DYNABOOK_W6CZMA7FBS	dynabook	dynabook CZ/MA Webオリジナル 型番：W6CZMA7FBS
DYNABOOK_W6XAZA5RAM	dynabook	dynabook XA/ZA Webオリジナル 型番：W6XAZA5RAM
DYNABOOK_W6MZMA5RAL	dynabook	dynabook MZ/MA Webオリジナル 型番：W6MZMA5RAL
DYNABOOK_W6PZMA5RAB	dynabook	dynabook PZ/MA Webオリジナル 型番：W6PZMA5RAB
DYNABOOK_W6CZMA7EBS	dynabook	dynabook CZ/MA Webオリジナル 型番：W6CZMA7EBS
DYNABOOK_W6XAZA5BBM	dynabook	dynabook XA/ZA Webオリジナル 型番：W6XAZA5BBM
DYNABOOK_W6BAZA7RAH	dynabook	dynabook BA/ZA Webオリジナル 型番：W6BAZA7RAH
DYNABOOK_W6RZMA7RAL	dynabook	dynabook RZ/MA Webオリジナル 型番：W6RZMA7RAL
DYNABOOK_W6XAZA5CBM	dynabook	dynabook XA/ZA Webオリジナル 型番：W6XAZA5CBM
DYNABOOK_W6RZMA7PAL	dynabook	dynabook RZ/MA Webオリジナル 型番：W6RZMA7PAL
DYNABOOK_W6BAZA7PAH	dynabook	dynabook BA/ZA Webオリジナル 型番：W6BAZA7PAH
DYNABOOK_W6XAZA5RBM	dynabook	dynabook XA/ZA Webオリジナル 型番：W6XAZA5RBM
DYNABOOK_W6BAZA7BAH	dynabook	dynabook BA/ZA Webオリジナル 型番：W6BAZA7BAH
DYNABOOK_W6RZMA7BAL	dynabook	dynabook RZ/MA Webオリジナル 型番：W6RZMA7BAL
DYNABOOK_W6RZMA7CAL	dynabook	dynabook RZ/MA Webオリジナル 型番：W6RZMA7CAL
DYNABOOK_W6BAZA7CAH	dynabook	dynabook BA/ZA Webオリジナル 型番：W6BAZA7CAH
DYNABOOK_W6XAZA5PBM	dynabook	dynabook XA/ZA Webオリジナル 型番：W6XAZA5PBM
DYNABOOK_W6RZMA7BBL	dynabook	dynabook RZ/MA Webオリジナル 型番：W6RZMA7BBL
DYNABOOK_W6PZMA5FAB	dynabook	dynabook PZ/MA Webオリジナル 型番：W6PZMA5FAB
DYNABOOK_W6MZMA5FAL	dynabook	dynabook MZ/MA Webオリジナル 型番：W6MZMA5FAL
DYNABOOK_W6MZMA5EAL	dynabook	dynabook MZ/MA Webオリジナル 型番：W6MZMA5EAL
DYNABOOK_W6PZMA5EAB	dynabook	dynabook PZ/MA Webオリジナル 型番：W6PZMA5EAB
DYNABOOK_W6RZMA7PBL	dynabook	dynabook RZ/MA Webオリジナル 型番：W6RZMA7PBL
DYNABOOK_W6XAZA5PAM	dynabook	dynabook XA/ZA Webオリジナル 型番：W6XAZA5PAM
DYNABOOK_W6XZHY5PAL	dynabook	dynabook XZ/HY Webオリジナル 型番：W6XZHY5PAL
DYNABOOK_W6XAZA5CAM	dynabook	dynabook XA/ZA Webオリジナル 型番：W6XAZA5CAM
DYNABOOK_W6XAZA5BAM	dynabook	dynabook XA/ZA Webオリジナル 型番：W6XAZA5BAM
DYNABOOK_W6RZMA7RBL	dynabook	dynabook RZ/MA Webオリジナル 型番：W6RZMA7RBL
DYNABOOK_W6VZHA7BAL	dynabook	dynabook VZ/HA Webオリジナル 型番：W6VZHA7BAL
DYNABOOK_W6AZDA7CAL	dynabook	dynabook AZ/DA Webオリジナル 型番：W6AZDA7CAL
DYNABOOK_W6AZDA7BAL	dynabook	dynabook AZ/DA Webオリジナル 型番：W6AZDA7BAL
DYNABOOK_W6VZHA7CAL	dynabook	dynabook VZ/HA Webオリジナル 型番：W6VZHA7CAL
DYNABOOK_W6SZMA7RAL	dynabook	dynabook SZ/MA Webオリジナル 型番：W6SZMA7RAL
DYNABOOK_W6GAZA5PBL	dynabook	dynabook GA/ZA Webオリジナル 型番：W6GAZA5PBL
DYNABOOK_W6GZHA5PAL	dynabook	dynabook GZ/HA Webオリジナル 型番：W6GZHA5PAL
DYNABOOK_W6GZHA5RAL	dynabook	dynabook GZ/HA Webオリジナル 型番：W6GZHA5RAL
DYNABOOK_W6GAZA5RBL	dynabook	dynabook GA/ZA Webオリジナル 型番：W6GAZA5RBL
DYNABOOK_W6SZMA7PAL	dynabook	dynabook SZ/MA Webオリジナル 型番：W6SZMA7PAL
DYNABOOK_W6XZHA7RAL	dynabook	dynabook XZ/HA Webオリジナル 型番：W6XZHA7RAL
DYNABOOK_W6XZHA7PAL	dynabook	dynabook XZ/HA Webオリジナル 型番：W6XZHA7PAL
DYNABOOK_W6RAZA5CAD	dynabook	dynabook RA/ZA Webオリジナル 型番：W6RAZA5CAD
DYNABOOK_W6RAZA5BAD	dynabook	dynabook RA/ZA Webオリジナル 型番：W6RAZA5BAD
DYNABOOK_W6PZLA5RAB	dynabook	dynabook PZ/LA Webオリジナル 型番：W6PZLA5RAB
DYNABOOK_W6GRZA5RAM	dynabook	dynabook GR/ZA Webオリジナル 型番：W6GRZA5RAM
DYNABOOK_W6BAZA5BAM	dynabook	dynabook BA/ZA Webオリジナル 型番：W6BAZA5BAM
DYNABOOK_W6GRZA5PAM	dynabook	dynabook GR/ZA Webオリジナル 型番：W6GRZA5PAM
DYNABOOK_W6PZLA5PAB	dynabook	dynabook PZ/LA Webオリジナル 型番：W6PZLA5PAB
DYNABOOK_W6BAZA5CAM	dynabook	dynabook BA/ZA Webオリジナル 型番：W6BAZA5CAM
DYNABOOK_W6BAZA5PAM	dynabook	dynabook BA/ZA Webオリジナル 型番：W6BAZA5PAM
DYNABOOK_W6BAZA5RAM	dynabook	dynabook BA/ZA Webオリジナル 型番：W6BAZA5RAM
DYNABOOK_W6XZHA7CAL	dynabook	dynabook XZ/HA Webオリジナル 型番：W6XZHA7CAL
DYNABOOK_W6PZLA5EAB	dynabook	dynabook PZ/LA Webオリジナル 型番：W6PZLA5EAB
DYNABOOK_W6XZHA7BAL	dynabook	dynabook XZ/HA Webオリジナル 型番：W6XZHA7BAL
DYNABOOK_W6PZLA5FAB	dynabook	dynabook PZ/LA Webオリジナル 型番：W6PZLA5FAB
DYNABOOK_W6GZHA5BAL	dynabook	dynabook GZ/HA Webオリジナル 型番：W6GZHA5BAL
DYNABOOK_W6GAZA5BBL	dynabook	dynabook GA/ZA Webオリジナル 型番：W6GAZA5BBL
DYNABOOK_W6GAZA5CBL	dynabook	dynabook GA/ZA Webオリジナル 型番：W6GAZA5CBL
DYNABOOK_W6GZHA5CAL	dynabook	dynabook GZ/HA Webオリジナル 型番：W6GZHA5CAL
DYNABOOK_W6SZMA7EAL	dynabook	dynabook SZ/MA Webオリジナル 型番：W6SZMA7EAL
DYNABOOK_W6SZMA7FAL	dynabook	dynabook SZ/MA Webオリジナル 型番：W6SZMA7FAL
DYNABOOK_W6RAZA5BBD	dynabook	dynabook RA/ZA Webオリジナル 型番：W6RAZA5BBD
DYNABOOK_W6XZHA7PBL	dynabook	dynabook XZ/HA Webオリジナル 型番：W6XZHA7PBL
DYNABOOK_W6RAZA5CBD	dynabook	dynabook RA/ZA Webオリジナル 型番：W6RAZA5CBD
DYNABOOK_W6XZHA7RBL	dynabook	dynabook XZ/HA Webオリジナル 型番：W6XZHA7RBL
DYNABOOK_W6GRZA5PBM	dynabook	dynabook GR/ZA Webオリジナル 型番：W6GRZA5PBM
DYNABOOK_W6PZLA5PBB	dynabook	dynabook PZ/LA Webオリジナル 型番：W6PZLA5PBB
DYNABOOK_W6XAZA7RAH	dynabook	dynabook XA/ZA Webオリジナル 型番：W6XAZA7RAH
DYNABOOK_W6XAZA7PAH	dynabook	dynabook XA/ZA Webオリジナル 型番：W6XAZA7PAH
DYNABOOK_W6PZLA5RBB	dynabook	dynabook PZ/LA Webオリジナル 型番：W6PZLA5RBB
DYNABOOK_W6GRZA5RBM	dynabook	dynabook GR/ZA Webオリジナル 型番：W6GRZA5RBM
DYNABOOK_W6VZHA7CBL	dynabook	dynabook VZ/HA Webオリジナル 型番：W6VZHA7CBL
DYNABOOK_W6VZHA7BBL	dynabook	dynabook VZ/HA Webオリジナル 型番：W6VZHA7BBL
DYNABOOK_W6GAZA5RAL	dynabook	dynabook GA/ZA Webオリジナル 型番：W6GAZA5RAL
DYNABOOK_W6XPZA5CAE	dynabook	dynabook XP/ZAE Webオリジナル 型番：W6XPZA5CAE
DYNABOOK_W6GAZA5PAL	dynabook	dynabook GA/ZA Webオリジナル 型番：W6GAZA5PAL
DYNABOOK_W6GAZA5CAL	dynabook	dynabook GA/ZA Webオリジナル 型番：W6GAZA5CAL
DYNABOOK_W6GAZA5BAL	dynabook	dynabook GA/ZA Webオリジナル 型番：W6GAZA5BAL
DYNABOOK_W6VZHA7PBL	dynabook	dynabook VZ/HA Webオリジナル 型番：W6VZHA7PBL
DYNABOOK_W6VZHA7RBL	dynabook	dynabook VZ/HA Webオリジナル 型番：W6VZHA7RBL
DYNABOOK_W6XAZA7CAH	dynabook	dynabook XA/ZA Webオリジナル 型番：W6XAZA7CAH
DYNABOOK_W6XAZA7BAH	dynabook	dynabook XA/ZA Webオリジナル 型番：W6XAZA7BAH
DYNABOOK_W6PZLA5FBB	dynabook	dynabook PZ/LA Webオリジナル 型番：W6PZLA5FBB
DYNABOOK_W6PZLA5EBB	dynabook	dynabook PZ/LA Webオリジナル 型番：W6PZLA5EBB
DYNABOOK_W6XZHA7BBL	dynabook	dynabook XZ/HA Webオリジナル 型番：W6XZHA7BBL
DYNABOOK_W6XZHA7CBL	dynabook	dynabook XZ/HA Webオリジナル 型番：W6XZHA7CBL
DYNABOOK_W6CZMA7EAS	dynabook	dynabook CZ/MA Webオリジナル 型番：W6CZMA7EAS
DYNABOOK_W6AZLA5FAL	dynabook	dynabook AZ/LA Webオリジナル 型番：W6AZLA5FAL
DYNABOOK_W6AZLA5EAL	dynabook	dynabook AZ/LA Webオリジナル 型番：W6AZLA5EAL
DYNABOOK_W6CZMA5FAS	dynabook	dynabook CZ/MA Webオリジナル 型番：W6CZMA5FAS
DYNABOOK_W6RAZA5RBM	dynabook	dynabook RA/ZA Webオリジナル 型番：W6RAZA5RBM
DYNABOOK_W6RAZA5PBM	dynabook	dynabook RA/ZA Webオリジナル 型番：W6RAZA5PBM
DYNABOOK_W6CZMA5EAS	dynabook	dynabook CZ/MA Webオリジナル 型番：W6CZMA5EAS
DYNABOOK_W6RAZA7BAJ	dynabook	dynabook RA/ZA Webオリジナル 型番：W6RAZA7BAJ
DYNABOOK_W6RAZA7CAJ	dynabook	dynabook RA/ZA Webオリジナル 型番：W6RAZA7CAJ
DYNABOOK_W6BAZA5RBH	dynabook	dynabook BA/ZA Webオリジナル 型番：W6BAZA5RBH
DYNABOOK_W6RZMA5RBL	dynabook	dynabook RZ/MA Webオリジナル 型番：W6RZMA5RBL
DYNABOOK_W6RZMA5PBL	dynabook	dynabook RZ/MA Webオリジナル 型番：W6RZMA5PBL
DYNABOOK_W6BAZA5PBH	dynabook	dynabook BA/ZA Webオリジナル 型番：W6BAZA5PBH
DYNABOOK_W6AZSA5PAB	dynabook	dynabook AZ/SA Webオリジナル 型番：W6AZSA5PAB
DYNABOOK_W6AZSA5RAB	dynabook	dynabook AZ/SA Webオリジナル 型番：W6AZSA5RAB
DYNABOOK_W6CZMA7FAS	dynabook	dynabook CZ/MA Webオリジナル 型番：W6CZMA7FAS
DYNABOOK_W6RZMA5CBL	dynabook	dynabook RZ/MA Webオリジナル 型番：W6RZMA5CBL
DYNABOOK_W6BAZA5CBH	dynabook	dynabook BA/ZA Webオリジナル 型番：W6BAZA5CBH
DYNABOOK_W6BAZA5BBH	dynabook	dynabook BA/ZA Webオリジナル 型番：W6BAZA5BBH
DYNABOOK_W6RZMA5BBL	dynabook	dynabook RZ/MA Webオリジナル 型番：W6RZMA5BBL
DYNABOOK_W6AZSA5FAB	dynabook	dynabook AZ/SA Webオリジナル 型番：W6AZSA5FAB
DYNABOOK_W6KZ2ACUAB	dynabook	dynabook KZ20/A Webオリジナル 型番：W6KZ2ACUAB
DYNABOOK_W6AZSA5EAB	dynabook	dynabook AZ/SA Webオリジナル 型番：W6AZSA5EAB
DYNABOOK_W6AZLA5PAL	dynabook	dynabook AZ/LA Webオリジナル 型番：W6AZLA5PAL
DYNABOOK_W6RAZA5CBM	dynabook	dynabook RA/ZA Webオリジナル 型番：W6RAZA5CBM
DYNABOOK_W6RAZA5BBM	dynabook	dynabook RA/ZA Webオリジナル 型番：W6RAZA5BBM
DYNABOOK_W6AZLA5RAL	dynabook	dynabook AZ/LA Webオリジナル 型番：W6AZLA5RAL
DYNABOOK_W6RZMA7CBL	dynabook	dynabook RZ/MA Webオリジナル 型番：W6RZMA7CBL
DYNABOOK_W6PZLY3EAB	dynabook	dynabook PZ/LY Webオリジナル 型番：W6PZLY3EAB
DYNABOOK_W6BAZA5PAH	dynabook	dynabook BA/ZA Webオリジナル 型番：W6BAZA5PAH
DYNABOOK_W6BAZA5RAH	dynabook	dynabook BA/ZA Webオリジナル 型番：W6BAZA5RAH
DYNABOOK_W6PZLY3FAB	dynabook	dynabook PZ/LY Webオリジナル 型番：W6PZLY3FAB
DYNABOOK_W6AZSA5RBB	dynabook	dynabook AZ/SA Webオリジナル 型番：W6AZSA5RBB
DYNABOOK_W6AZSA5PBB	dynabook	dynabook AZ/SA Webオリジナル 型番：W6AZSA5PBB
DYNABOOK_W6RAZA5PAM	dynabook	dynabook RA/ZA Webオリジナル 型番：W6RAZA5PAM
DYNABOOK_W6MZMA7RAL	dynabook	dynabook MZ/MA Webオリジナル 型番：W6MZMA7RAL
DYNABOOK_W6PZMA7RAB	dynabook	dynabook PZ/MA Webオリジナル 型番：W6PZMA7RAB
DYNABOOK_W6RAZA5RAM	dynabook	dynabook RA/ZA Webオリジナル 型番：W6RAZA5RAM
DYNABOOK_W6PZMA7PAB	dynabook	dynabook PZ/MA Webオリジナル 型番：W6PZMA7PAB
DYNABOOK_W6MZMA7PAL	dynabook	dynabook MZ/MA Webオリジナル 型番：W6MZMA7PAL
DYNABOOK_W6RAZA5BAM	dynabook	dynabook RA/ZA Webオリジナル 型番：W6RAZA5BAM
DYNABOOK_W6RAZA5CAM	dynabook	dynabook RA/ZA Webオリジナル 型番：W6RAZA5CAM
DYNABOOK_W6MZMA7EAL	dynabook	dynabook MZ/MA Webオリジナル 型番：W6MZMA7EAL
DYNABOOK_W6PZMA7EAB	dynabook	dynabook PZ/MA Webオリジナル 型番：W6PZMA7EAB
DYNABOOK_W6PZMA7FAB	dynabook	dynabook PZ/MA Webオリジナル 型番：W6PZMA7FAB
DYNABOOK_W6MZMA7FAL	dynabook	dynabook MZ/MA Webオリジナル 型番：W6MZMA7FAL
DYNABOOK_W6PZLY3RAB	dynabook	dynabook PZ/LY Webオリジナル 型番：W6PZLY3RAB
DYNABOOK_W6PZLY3PAB	dynabook	dynabook PZ/LY Webオリジナル 型番：W6PZLY3PAB
DYNABOOK_W6AZSA5EBB	dynabook	dynabook AZ/SA Webオリジナル 型番：W6AZSA5EBB
DYNABOOK_W6BAZA5BAH	dynabook	dynabook BA/ZA Webオリジナル 型番：W6BAZA5BAH
DYNABOOK_W6AZSA5FBB	dynabook	dynabook AZ/SA Webオリジナル 型番：W6AZSA5FBB
DYNABOOK_W6BAZA5CAH	dynabook	dynabook BA/ZA Webオリジナル 型番：W6BAZA5CAH
DYNABOOK_W6GAZA7PAL	dynabook	dynabook GA/ZA Webオリジナル 型番：W6GAZA7PAL
DYNABOOK_W6GZHA7PBL	dynabook	dynabook GZ/HA Webオリジナル 型番：W6GZHA7PBL
DYNABOOK_W6GZHA7RBL	dynabook	dynabook GZ/HA Webオリジナル 型番：W6GZHA7RBL
DYNABOOK_W6GAZA7RAL	dynabook	dynabook GA/ZA Webオリジナル 型番：W6GAZA7RAL
DYNABOOK_W6GRZA7RBM	dynabook	dynabook GR/ZA Webオリジナル 型番：W6GRZA7RBM
DYNABOOK_W6GRZA7PBM	dynabook	dynabook GR/ZA Webオリジナル 型番：W6GRZA7PBM
DYNABOOK_W6GAZA7CAL	dynabook	dynabook GA/ZA Webオリジナル 型番：W6GAZA7CAL
DYNABOOK_W6AZMA7BBG	dynabook	dynabook AZ/MA Webオリジナル 型番：W6AZMA7BBG
DYNABOOK_W6GZHA7CBL	dynabook	dynabook GZ/HA Webオリジナル 型番：W6GZHA7CBL
DYNABOOK_W6GZHA7BBL	dynabook	dynabook GZ/HA Webオリジナル 型番：W6GZHA7BBL
DYNABOOK_W6AZMA7CBG	dynabook	dynabook AZ/MA Webオリジナル 型番：W6AZMA7CBG
DYNABOOK_W6GAZA7BAL	dynabook	dynabook GA/ZA Webオリジナル 型番：W6GAZA7BAL
DYNABOOK_W6XZHA5PAL	dynabook	dynabook XZ/HA Webオリジナル 型番：W6XZHA5PAL
DYNABOOK_W6XZHA5RAL	dynabook	dynabook XZ/HA Webオリジナル 型番：W6XZHA5RAL
DYNABOOK_W6GRZA7PAM	dynabook	dynabook GR/ZA Webオリジナル 型番：W6GRZA7PAM
DYNABOOK_W6GRZA7RAM	dynabook	dynabook GR/ZA Webオリジナル 型番：W6GRZA7RAM
DYNABOOK_W6RAZA7BAH	dynabook	dynabook RA/ZA Webオリジナル 型番：W6RAZA7BAH
DYNABOOK_W6RAZA7CAH	dynabook	dynabook RA/ZA Webオリジナル 型番：W6RAZA7CAH
DYNABOOK_W6VZHA5BAL	dynabook	dynabook VZ/HA Webオリジナル 型番：W6VZHA5BAL
DYNABOOK_W6VZHA5CAL	dynabook	dynabook VZ/HA Webオリジナル 型番：W6VZHA5CAL
DYNABOOK_W6SZMA5PAL	dynabook	dynabook SZ/MA Webオリジナル 型番：W6SZMA5PAL
DYNABOOK_W6SZMA5RAL	dynabook	dynabook SZ/MA Webオリジナル 型番：W6SZMA5RAL
DYNABOOK_W6GZHA7BAL	dynabook	dynabook GZ/HA Webオリジナル 型番：W6GZHA7BAL
DYNABOOK_W6AZMA7CAG	dynabook	dynabook AZ/MA Webオリジナル 型番：W6AZMA7CAG
DYNABOOK_W6AZMA7BAG	dynabook	dynabook AZ/MA Webオリジナル 型番：W6AZMA7BAG
DYNABOOK_W6GZHA7CAL	dynabook	dynabook GZ/HA Webオリジナル 型番：W6GZHA7CAL
DYNABOOK_W6RAZA7RAH	dynabook	dynabook RA/ZA Webオリジナル 型番：W6RAZA7RAH
DYNABOOK_W6SZMA5FAL	dynabook	dynabook SZ/MA Webオリジナル 型番：W6SZMA5FAL
DYNABOOK_W6VZHA5PAL	dynabook	dynabook VZ/HA Webオリジナル 型番：W6VZHA5PAL
DYNABOOK_W6VZHA5RAL	dynabook	dynabook VZ/HA Webオリジナル 型番：W6VZHA5RAL
DYNABOOK_W6RAZA7PAH	dynabook	dynabook RA/ZA Webオリジナル 型番：W6RAZA7PAH
DYNABOOK_W6SZMA5EAL	dynabook	dynabook SZ/MA Webオリジナル 型番：W6SZMA5EAL
DYNABOOK_W6XZHA5CAL	dynabook	dynabook XZ/HA Webオリジナル 型番：W6XZHA5CAL
DYNABOOK_W6XZHA5BAL	dynabook	dynabook XZ/HA Webオリジナル 型番：W6XZHA5BAL
DYNABOOK_W6GZHY7PAL	dynabook	dynabook GZ/HY Webオリジナル 型番：W6GZHY7PAL
DYNABOOK_W6XPZY7CAL	dynabook	dynabook XP/ZY Webオリジナル 型番：W6XPZY7CAL
DYNABOOK_W6RZMY7CBL	dynabook	dynabook RZ/MY Webオリジナル 型番：W6RZMY7CBL
DYNABOOK_W6MZMY5RAL	dynabook	dynabook MZ/MY Webオリジナル 型番：W6MZMY5RAL
DYNABOOK_W6RZMY7BBL	dynabook	dynabook RZ/MY Webオリジナル 型番：W6RZMY7BBL
DYNABOOK_W6XPZY7BAL	dynabook	dynabook XP/ZY Webオリジナル 型番：W6XPZY7BAL
DYNABOOK_W6XDZA5CAM	dynabook	dynabook XD/ZA Webオリジナル 型番：W6XDZA5CAM
DYNABOOK_W6BZMX3RAB	dynabook	dynabook BZ/MX Webオリジナル 型番：W6BZMX3RAB
DYNABOOK_W6XDZA5BAM	dynabook	dynabook XD/ZA Webオリジナル 型番：W6XDZA5BAM
DYNABOOK_W6GRZZ7FBD	dynabook	dynabook GR/ZZ Webオリジナル 型番：W6GRZZ7FBD
DYNABOOK_W6PZMX5FAB	dynabook	dynabook PZ/MX Webオリジナル 型番：W6PZMX5FAB
DYNABOOK_W6PZMY5RAB	dynabook	dynabook PZ/MY Webオリジナル 型番：W6PZMY5RAB
DYNABOOK_W6BZMX5PAB	dynabook	dynabook BZ/MX Webオリジナル 型番：W6BZMX5PAB
DYNABOOK_W6RZMY7RAL	dynabook	dynabook RZ/MY Webオリジナル 型番：W6RZMY7RAL
DYNABOOK_W6MZMX5FAL	dynabook	dynabook MZ/MX Webオリジナル 型番：W6MZMX5FAL
DYNABOOK_W6XAZY5CAM	dynabook	dynabook XA/ZY Webオリジナル 型番：W6XAZY5CAM
DYNABOOK_W6BZMX3PAB	dynabook	dynabook BZ/MX Webオリジナル 型番：W6BZMX3PAB
DYNABOOK_W6RZMY7RBL	dynabook	dynabook RZ/MY Webオリジナル 型番：W6RZMY7RBL
DYNABOOK_W6MZMX5EAL	dynabook	dynabook MZ/MX Webオリジナル 型番：W6MZMX5EAL
DYNABOOK_W6PZMX5EAB	dynabook	dynabook PZ/MX Webオリジナル 型番：W6PZMX5EAB
DYNABOOK_W6XAZY5BAM	dynabook	dynabook XA/ZY Webオリジナル 型番：W6XAZY5BAM
DYNABOOK_W6RAZY7BAH	dynabook	dynabook RA/ZY Webオリジナル 型番：W6RAZY7BAH
DYNABOOK_W6XPZA7BAH	dynabook	dynabook XP/ZA Webオリジナル 型番：W6XPZA7BAH
DYNABOOK_W6VZMY5PAL	dynabook	dynabook VZ/MY Webオリジナル 型番：W6VZMY5PAL
DYNABOOK_W6VZMY5RAL	dynabook	dynabook VZ/MY Webオリジナル 型番：W6VZMY5RAL
DYNABOOK_W6RZMX7CBL	dynabook	dynabook RZ/MX Webオリジナル 型番：W6RZMX7CBL
DYNABOOK_W6PZMY5PAB	dynabook	dynabook PZ/MY Webオリジナル 型番：W6PZMY5PAB
DYNABOOK_W6MZMY5PAL	dynabook	dynabook MZ/MY Webオリジナル 型番：W6MZMY5PAL
DYNABOOK_W6RZMX7CAL	dynabook	dynabook RZ/MX Webオリジナル 型番：W6RZMX7CAL
DYNABOOK_W6RZMX7BAL	dynabook	dynabook RZ/MX Webオリジナル 型番：W6RZMX7BAL
DYNABOOK_W6RZMW5BBL	dynabook	dynabook RZ/MW Webオリジナル 型番：W6RZMW5BBL
DYNABOOK_W6RZMW5CBL	dynabook	dynabook RZ/MW Webオリジナル 型番：W6RZMW5CBL
DYNABOOK_W6CZMY7EAS	dynabook	dynabook CZ/MY Webオリジナル 型番：W6CZMY7EAS
DYNABOOK_W6PZMY5RBB	dynabook	dynabook PZ/MY Webオリジナル 型番：W6PZMY5RBB
DYNABOOK_W6MZMY5RBL	dynabook	dynabook MZ/MY Webオリジナル 型番：W6MZMY5RBL
DYNABOOK_W6XPZA7CAH	dynabook	dynabook XP/ZA Webオリジナル 型番：W6XPZA7CAH
DYNABOOK_W6BZMX5PBB	dynabook	dynabook BZ/MX Webオリジナル 型番：W6BZMX5PBB
DYNABOOK_W6PZMX5FBB	dynabook	dynabook PZ/MX Webオリジナル 型番：W6PZMX5FBB
DYNABOOK_W6BAZY7PAH	dynabook	dynabook BA/ZY Webオリジナル 型番：W6BAZY7PAH
DYNABOOK_W6BZMX5RBB	dynabook	dynabook BZ/MX Webオリジナル 型番：W6BZMX5RBB
DYNABOOK_W6SZMX5PAL	dynabook	dynabook SZ/MX Webオリジナル 型番：W6SZMX5PAL
DYNABOOK_W6GZHY5BAW	dynabook	dynabook GZ/HY Webオリジナル 型番：W6GZHY5BAW
DYNABOOK_W6XZHW5RAS	dynabook	dynabook XZ/HW Webオリジナル 型番：W6XZHW5RAS
DYNABOOK_W6RZMY7PAL	dynabook	dynabook RZ/MY Webオリジナル 型番：W6RZMY7PAL
DYNABOOK_W6XZHY5RCL	dynabook	dynabook XZ/HY Webオリジナル 型番：W6XZHY5RCL
DYNABOOK_W6GZHY5CAW	dynabook	dynabook GZ/HY Webオリジナル 型番：W6GZHY5CAW
DYNABOOK_W6RAZY7CAH	dynabook	dynabook RA/ZY Webオリジナル 型番：W6RAZY7CAH
DYNABOOK_W6XZHW5PAS	dynabook	dynabook XZ/HW Webオリジナル 型番：W6XZHW5PAS
DYNABOOK_W6VZMY5BAL	dynabook	dynabook VZ/MY Webオリジナル 型番：W6VZMY5BAL
DYNABOOK_W6MZMX5RAL	dynabook	dynabook MZ/MX Webオリジナル 型番：W6MZMX5RAL
DYNABOOK_W6PZMX5RAB	dynabook	dynabook PZ/MX Webオリジナル 型番：W6PZMX5RAB
DYNABOOK_W6XZHY5PCL	dynabook	dynabook XZ/HY Webオリジナル 型番：W6XZHY5PCL
DYNABOOK_W6SZMX5RAL	dynabook	dynabook SZ/MX Webオリジナル 型番：W6SZMX5RAL
DYNABOOK_W6GRZZ7EAD	dynabook	dynabook GR/ZZ Webオリジナル 型番：W6GRZZ7EAD
DYNABOOK_W6XZHY7RAS	dynabook	dynabook XZ/HY Webオリジナル 型番：W6XZHY7RAS
DYNABOOK_W6GAZY7PAL	dynabook	dynabook GA/ZY Webオリジナル 型番：W6GAZY7PAL
DYNABOOK_W6SZMY5RBL	dynabook	dynabook SZ/MY Webオリジナル 型番：W6SZMY5RBL
DYNABOOK_W6SZMY5PBL	dynabook	dynabook SZ/MY Webオリジナル 型番：W6SZMY5PBL
DYNABOOK_W6AZMY7CCG	dynabook	dynabook AZ/MY Webオリジナル 型番：W6AZMY7CCG
DYNABOOK_W6GRZZ7FAD	dynabook	dynabook GR/ZZ Webオリジナル 型番：W6GRZZ7FAD
DYNABOOK_W6VZMY7CAL	dynabook	dynabook VZ/MY Webオリジナル 型番：W6VZMY7CAL
DYNABOOK_W6RAZY5PAM	dynabook	dynabook RA/ZY Webオリジナル 型番：W6RAZY5PAM
DYNABOOK_W6RAZY5RAM	dynabook	dynabook RA/ZY Webオリジナル 型番：W6RAZY5RAM
DYNABOOK_W6AZMY7BCG	dynabook	dynabook AZ/MY Webオリジナル 型番：W6AZMY7BCG
FUJITSU_FMVU59L1BA	fujitsu	FMV U59-L1 ピクトブラック (アウトレット)
FUJITSU_FMVA77K3GA	fujitsu	FMV A77-K3 ベージュゴールド (アウトレット)
FUJITSU_K0A2CTO1WWJP1	fujitsu	FMV WF1-L1 カスタムメイドモデル
FUJITSU_K1TTCTO1WWJP2	fujitsu	FMV WU2-K3 カスタムメイドモデル
FUJITSU_FMVUQSL1WA	fujitsu	FMV UQ-L1 シルバーホワイト
FUJITSU_K0A6CTO1WWJP1	fujitsu	FMV WP1-L1 カスタムメイドモデル
FUJITSU_FMVM55K3SA	fujitsu	FMV MH55-K3 ファインシルバー
FUJITSU_K0A8CTO1WWJP1	fujitsu	FMV WU1-L1 カスタムメイドモデル
FUJITSU_FMVU77K3BA	fujitsu	FMV U77-K3 ピクトブラック
FUJITSU_K0A7CTO1WWJP1	fujitsu	FMV WU6-L1 カスタムメイドモデル
FUJITSU_K0A5CTO1WWJP1	fujitsu	FMV WA4-L1 カスタムメイドモデル
FUJITSU_FMVF77L1BA	fujitsu	FMV F77-L1 ブラック
FUJITSU_FMVF55L1WA	fujitsu	FMV F55-L1 ホワイト
FUJITSU_K0A3CTO1WWJP1	fujitsu	FMV WF2-L1 カスタムメイドモデル
FUJITSU_K1TTCTO1WWJP4	fujitsu	FMV WU4-K3（FMV Zero） カスタムメイドモデル
FUJITSU_K0A1CTO1WWJP1	fujitsu	FMV WF3-L1 カスタムメイドモデル
FUJITSU_K1TRCTO1WWJP1	fujitsu	FMV WM1-K3 カスタムメイドモデル
FUJITSU_FMVA79L1BA	fujitsu	FMV A79-L1 コールブラック
FUJITSU_FMVF75L1BA	fujitsu	FMV F75-L1 ブラック
FUJITSU_FMVA77L2BA	fujitsu	FMV A77-L2 ブライトブラック
FUJITSU_FMVA53L2BA	fujitsu	FMV A53-L2 ブライトブラック
FUJITSU_K1TVCTO1WWJP1	fujitsu	FMV WU8-K3 カスタムメイドモデル
FUJITSU_K1TTCTO1WWJP5	fujitsu	FMV WU5-K3（FMV Zero） カスタムメイドモデル
FUJITSU_K0QKCTO1WWJP1	fujitsu	LIFEBOOK WQ1/K1 カスタムメイドモデル
FUJITSU_K1THCTO1WWJP1	fujitsu	FMV WD2-K3 カスタムメイドモデル
FUJITSU_FMVUXSK3BA	fujitsu	FMV UX-K3 ピクトブラック
FUJITSU_K1TKCTO1WWJP10	fujitsu	FMV WA1-K3 カスタムメイドモデル
FUJITSU_K1TDCTO1WWJP1	fujitsu	FMV WA3-K3 カスタムメイドモデル
FUJITSU_K0QLCTO1WWJP1	fujitsu	FMV WC1-K1 カスタムメイドモデル
FUJITSU_FMVU59L2BA	fujitsu	FMV U59-L2 ピクトブラック
FUJITSU_FMVA75L2BA	fujitsu	FMV A75-L2 ブライトブラック
FUJITSU_FMVWK2A155	fujitsu	FMV WA1-K2 ブライトブラック
FUJITSU_FMVWK2A175	fujitsu	FMV WA1-K2 ブライトブラック
FUJITSU_FMVP75L1HA	fujitsu	FMV P75-L1 ストームグレー
FUJITSU_K1TTCTO1WWJP7	fujitsu	FMV WU7-K3 カスタムメイドモデル
FUJITSU_K1TQCTO1WWJP1	fujitsu	FMV WD1-K3 カスタムメイドモデル
DELL_ag-monu3225qe	dell	【Dell】Dellデジタル ハイエンド シリーズ32 4K Thunderboltハブ モニター - U3225QE ag-monu3225qe
DELL_cda16250cto01monojp	dell	【Dell】XPS 16 ノートパソコン (2025) cda16250cto01monojp
DELL_cda16260cto00monojp	dell	【Dell】XPS 16 ノートパソコン (2026) cda16260cto00monojp
DELL_xcto_p714260_cs_apac	dell	【Dell】Dell Pro 7シリーズ14ノートパソコン xcto_p714260_cs_apac
DELL_bts107_qcs1250_jp	dell	【Dell】Dell Pro スリム デスクトップ bts107_qcs1250_jp
DELL_sect125010301mpnojp	dell	【Dell】Dell タワー デスクトップ sect125010301mpnojp
DELL_bts009_pc16250_jp	dell	【Dell】Dell Pro 16ノートパソコン bts009_pc16250_jp
DELL_bto108_pc16250_jp	dell	【Dell】Dell Pro 16ノートパソコン bto108_pc16250_jp
DELL_bto003_qcs1250_jp	dell	【Dell】Dell Pro スリム デスクトップ bto003_qcs1250_jp
DELL_xcto_p713260_cs_apac	dell	【Dell】Dell Pro 7シリーズ13ノートパソコン xcto_p713260_cs_apac
DELL_bto105_ma14250_jp	dell	【Dell】Dell Pro Max 14 Premium ノートパソコン bto105_ma14250_jp
DELL_per66010a	dell	【Dell】PowerEdge R660 Smart Selection per66010a
DELL_ag-monu2725qe	dell	【Dell】Dellデジタル ハイエンド シリーズ27 4K Thunderboltハブ モニター - U2725QE ag-monu2725qe
DELL_sdc1525580201monojp	dell	【Dell】Dell 15 ノートパソコン sdc1525580201monojp
DELL_cto003_p5m1260_jp	dell	【Dell】Dell Pro 5 マイクロ デスクトップ cto003_p5m1260_jp
DELL_sdc1625100701mpnojp	dell	【Dell】Dell 16 ノートパソコン sdc1625100701mpnojp
DELL_cad1250cto05monojp_cc_3p1	dell	【Dell】Alienware Auroraゲーミング デスクトップ cad1250cto05monojp_cc_3p1
DELL_bto102_pb16250_jp	dell	【Dell】Dell Pro 16 Plusノートパソコン bto102_pb16250_jp
DELL_secs125010101monojp	dell	【Dell】Dell スリム デスクトップ secs125010101monojp
DELL_cda14260cto01monojp	dell	【Dell】XPS 14 ノートパソコン (2026) cda14260cto01monojp
DELL_opv1425000401gjpcom	dell	【Dell】Dell Pro 14 Essentialノートパソコン opv1425000401gjpcom
DELL_sdc1625555201monojp	dell	【Dell】Dell 16ノートパソコン sdc1625555201monojp
DELL_can16250cto02monojp	dell	【Dell】Alienware 16 Area-51ゲーミング ノートパソコン can16250cto02monojp
DELL_odc1625100701monojp	dell	【Dell】Dell 16 ノートパソコン odc1625100701monojp
DELL_sect125000301monojp	dell	【Dell】Dell タワー デスクトップ sect125000301monojp
DELL_bto128b_pc16250_jp	dell	【Dell】Dell Pro 16ノートパソコン bto128b_pc16250_jp
DELL_can16250mlk01monojp	dell	【Dell】Alienware 16 Area-51ゲーミング ノートパソコン can16250mlk01monojp
DELL_gl_promo_per6725_1	dell	【Dell】PowerEdge R6725 Smart Selection gl_promo_per6725_1
DELL_bto601_pc16255_jp	dell	【Dell】Dell Pro 16 ノートパソコン bto601_pc16255_jp
DELL_cda14260cto02monojp	dell	【Dell】XPS 14 ノートパソコン (2026) cda14260cto02monojp
DELL_bto112rs_mb16250_jp	dell	【Dell】Dell Pro Max 16 Plusノートパソコン bto112rs_mb16250_jp
DELL_sebt225012501monojp	dell	【Dell】DellタワーPlus sebt225012501monojp
DELL_bto105_qbs1250_jp	dell	【Dell】Dell Pro スリム Plus デスクトップ bto105_qbs1250_jp
DELL_bto503_pc14255_jp	dell	【Dell】Dell Pro 14 ノートパソコン bto503_pc14255_jp
DELL_bts104_qcm1250_jp	dell	【Dell】Dell Pro マイクロ デスクトップ bts104_qcm1250_jp
DELL_sebt225012501mpnojp	dell	【Dell】DellタワーPlus sebt225012501mpnojp
DELL_cto002_fcm2250_jp	dell	【Dell】Dell Pro Maxマイクロ デスクトップ cto002_fcm2250_jp
DELL_bto102_mb16250_jp	dell	【Dell】Dell Pro Max 16 Plusノートパソコン bto102_mb16250_jp
DELL_bto110rs_mb16250_jp	dell	【Dell】Dell Pro Max 16 Plusノートパソコン bto110rs_mb16250_jp
DELL_sect125010301monojp	dell	【Dell】Dell タワー デスクトップ sect125010301monojp
DELL_sdc1625001002monojp	dell	【Dell】Dell 16 ノートパソコン sdc1625001002monojp
DELL_bts001_qcm1250_jp	dell	【Dell】Dell Pro マイクロ デスクトップ bts001_qcm1250_jp
DELL_sdb1625021001mpnojp	dell	【Dell】Dell 16 Plusノートパソコン sdb1625021001mpnojp
DELL_sec2725000901monojp	dell	【Dell】Dell 27オールインワン sec2725000901monojp
DELL_bto103_qbs1250_jp	dell	【Dell】Dell Pro スリム Plus デスクトップ bto103_qbs1250_jp
DELL_ag-mons2425hsm	dell	【Dell】Dell 24 Plusモニター - S2425HSM ag-mons2425hsm
DELL_cd15260cto01monojp	dell	【Dell】Dell 15ノートパソコン cd15260cto01monojp
DELL_oec2725000401monojp	dell	【Dell】Dell 27オールインワン oec2725000401monojp
DELL_per76020a	dell	【Dell】PowerEdge R760 Smart Selection per76020a
DELL_cds14260cto01monojp	dell	【Dell】Dell 14S ノートパソコン cds14260cto01monojp
DELL_bto108_mb16250_jp	dell	【Dell】Dell Pro Max 16 Plusノートパソコン bto108_mb16250_jp
DELL_ag-monaw2725d	dell	【Dell】Alienware 27 280Hz QD-OLEDゲーミング モニター - AW2725D ag-monaw2725d
DELL_bto208_pb13250_jp	dell	【Dell】Dell Pro 13 Plusノートパソコンまたは2-in-1 bto208_pb13250_jp
DELL_cto04_mc16250_jp	dell	【Dell】Dell Pro Max 16 ノートパソコン cto04_mc16250_jp
DELL_cto001_fct2250_jp	dell	【Dell】Dell Pro Max タワー T2 デスクトップ cto001_fct2250_jp
DELL_ag-monaw2525hm	dell	【Dell】Alienware 25 320Hzゲーミング モニター - AW2525HM ag-monaw2525hm
DELL_cad1250cto07monojp	dell	【Dell】Alienware Auroraゲーミング デスクトップ cad1250cto07monojp
DELL_sdc1525585101monojp	dell	【Dell】Dell 15 ノートパソコン sdc1525585101monojp
DELL_bts006_qcs1250_jp	dell	【Dell】Dell Pro スリム デスクトップ bts006_qcs1250_jp
DELL_cto003_pw7t1260_jp	dell	【Dell】Dell Pro Precision 7 T1 デスクトップ cto003_pw7t1260_jp
DELL_sdc1425555401monojp	dell	【Dell】Dell 14ノートパソコン sdc1425555401monojp
DELL_san1625001001monojp_cc_3p1_2	dell	【Dell】Alienware 16 Auroraゲーミング ノートパソコン san1625001001monojp_cc_3p1_2
DELL_sd14260arl02mpnojp	dell	【Dell】Dell 14 ノートパソコン sd14260arl02mpnojp
DELL_bto014_qct1250_jp	dell	【Dell】Dell Pro タワー デスクトップ bto014_qct1250_jp
DELL_pet56010a	dell	【Dell】PowerEdge T560 Smart Selection pet56010a
DELL_sdc1625100701monojp	dell	【Dell】Dell 16 ノートパソコン sdc1625100701monojp
DELL_promo_r770_1	dell	【Dell】PowerEdge R770 Smart Selection promo_r770_1
DELL_bto111_pb13250_jp	dell	【Dell】Dell Pro 13 Plusノートパソコンまたは2-in-1 bto111_pb13250_jp
DELL_bto506_pc16255_jp	dell	【Dell】Dell Pro 16 ノートパソコン bto506_pc16255_jp
DELL_cad1250cto04monojp	dell	【Dell】Alienware Auroraゲーミング デスクトップ cad1250cto04monojp
DELL_secs125000201monojp	dell	【Dell】Dell スリム デスクトップ secs125000201monojp
DELL_sdc1625001202monojp	dell	【Dell】Dell 16 ノートパソコン sdc1625001202monojp
DELL_cto001_p5m1260_jp	dell	【Dell】Dell Pro 5 マイクロ デスクトップ cto001_p5m1260_jp
DELL_cto001_fcs1250_jp	dell	【Dell】Dell Pro Max スリム デスクトップ cto001_fcs1250_jp
DELL_bto504_qcm1255_jp	dell	【Dell】Dell Proマイクロ デスクトップ bto504_qcm1255_jp
DELL_oan1625001001monojp	dell	【Dell】Alienware 16 Auroraゲーミング ノートパソコン oan1625001001monojp
DELL_odc1525585101monojp	dell	【Dell】Dell 15 ノートパソコン odc1525585101monojp
DELL_cadr8cto04monojp	dell	【Dell】Alienware Area-51ゲーミング デスクトップ cadr8cto04monojp
DELL_cebt2250cto03monojp	dell	【Dell】DellタワーPlus cebt2250cto03monojp
DELL_per761510a	dell	【Dell】PowerEdge R7615 Smart Selection per761510a
DELL_sec2725000901mpnojp	dell	【Dell】Dell 27オールインワン sec2725000901mpnojp
DELL_gl_promo_per7715_1	dell	【Dell】PowerEdge R7715 Smart Selection gl_promo_per7715_1
DELL_cad1250cto03monojp	dell	【Dell】Alienware Auroraゲーミング デスクトップ cad1250cto03monojp
DELL_cebt2250cto05monojp_cc_3p1	dell	【Dell】DellタワーPlus cebt2250cto05monojp_cc_3p1
DELL_bto104_mb16250_jp	dell	【Dell】Dell Pro Max 16 Plusノートパソコン bto104_mb16250_jp
DELL_sdc1425555301monojp	dell	【Dell】Dell 14ノートパソコン sdc1425555301monojp
DELL_bto208_pb16250_jp	dell	【Dell】Dell Pro 16 Plusノートパソコン bto208_pb16250_jp
DELL_bts106_qcm1250_jp	dell	【Dell】Dell Pro マイクロ デスクトップ bts106_qcm1250_jp
DELL_bto004_qct1250_jp	dell	【Dell】Dell Pro タワー デスクトップ bto004_qct1250_jp
DELL_sd15260arl01monojp	dell	【Dell】Dell 15ノートパソコン sd15260arl01monojp
DELL_cda16260cto02monojp	dell	【Dell】XPS 16 ノートパソコン (2026) cda16260cto02monojp
DELL_sebt225012001mpnojp	dell	【Dell】DellタワーPlus sebt225012001mpnojp
DELL_secs125000501monojp	dell	【Dell】Dell スリム デスクトップ secs125000501monojp
DELL_ag-mons2725qc	dell	【Dell】Dell 27 Plus 4K USB-Cモニター - S2725QC ag-mons2725qc
DELL_bto105_ma16250_jp	dell	【Dell】Dell Pro Max 16 Premium ノートパソコン bto105_ma16250_jp
DELL_cad1250cto08monojp	dell	【Dell】Alienware Auroraゲーミング デスクトップ cad1250cto08monojp
DELL_ag-mons2725qs	dell	【Dell】Dell 27 Plus 4Kモニター - S2725QS ag-mons2725qs
DELL_odb1425550801monojp	dell	【Dell】Dell 14 Plusノートパソコン odb1425550801monojp
DELL_spv1425000201gjpcom	dell	【Dell】Dell Pro 14 Essentialノートパソコン spv1425000201gjpcom
DELL_cad1250cto04monojp_cc_3p1	dell	【Dell】Alienware Auroraゲーミング デスクトップ cad1250cto04monojp_cc_3p1
DELL_odb0425550101monojp	dell	【Dell】Dell 14 Plus 2-in-1ノートパソコン odb0425550101monojp
DELL_cto002_fcs1250_jp	dell	【Dell】Dell Pro Max スリム デスクトップ cto002_fcs1250_jp
DELL_sdb1625551001monojp	dell	【Dell】Dell 16 Plus ノートパソコン sdb1625551001monojp
DELL_cto002_p5m1260_jp	dell	【Dell】Dell Pro 5 マイクロ デスクトップ cto002_p5m1260_jp
DELL_per26010a	dell	【Dell】PowerEdge R260 Smart Selection per26010a
DELL_promo_r570_1	dell	【Dell】PowerEdge R570 Smart Selection promo_r570_1
DELL_bto107_pc16250_jp	dell	【Dell】Dell Pro 16ノートパソコン bto107_pc16250_jp
DELL_promo_r470_1	dell	【Dell】PowerEdge R470 Smart Selection promo_r470_1
DELL_ag-monaw2725qf	dell	【Dell】Alienware 27 4K デュアル解像度 ゲーミング モニター - AW2725QF ag-monaw2725qf
DELL_cec24260cto02monojp	dell	【Dell】Dell 24 オールインワン デスクトップ cec24260cto02monojp
DELL_cto03_mc16250_jp	dell	【Dell】Dell Pro Max 16 ノートパソコン cto03_mc16250_jp
DELL_bto510_qcm1255_jp	dell	【Dell】Dell Proマイクロ デスクトップ bto510_qcm1255_jp
DELL_cadr8cto01monojp	dell	【Dell】Alienware Area-51ゲーミング デスクトップ cadr8cto01monojp
DELL_bto103_qbm1250_jp	dell	【Dell】Dell Pro マイクロ Plus デスクトップ bto103_qbm1250_jp
DELL_ag-monaw3225qf	dell	【Dell】Alienware 32 4K QD-OLED ゲーミング モニター - AW3225QF ag-monaw3225qf
DELL_bto108_qct1250_jp	dell	【Dell】Dell Pro タワー デスクトップ bto108_qct1250_jp
DELL_cto002_fct2250_jp	dell	【Dell】Dell Pro Max タワー T2 デスクトップ cto002_fct2250_jp
DELL_sect125010401monojp	dell	【Dell】Dell タワー デスクトップ sect125010401monojp
DELL_sd14260arl03monojp	dell	【Dell】Dell 14 ノートパソコン sd14260arl03monojp
DELL_bto104_qcs1250_jp	dell	【Dell】Dell Pro スリム デスクトップ bto104_qcs1250_jp
DELL_xcto_pa14260_apac_2	dell	【Dell】Dell Pro 14 Premiumノートパソコン xcto_pa14260_apac_2
DELL_per662510a	dell	【Dell】PowerEdge R6625 Smart Selection per662510a
DELL_bto511_qcm1255_jp	dell	【Dell】Dell Proマイクロ デスクトップ bto511_qcm1255_jp
DELL_bts009_qcs1250_jp	dell	【Dell】Dell Pro スリム デスクトップ bts009_qcs1250_jp
DELL_opv1525000401gjpcom	dell	【Dell】Dell Pro 15 Essentialノートパソコン opv1525000401gjpcom
DELL_sdc1425550101mpnojp	dell	【Dell】Dell 14ノートパソコン sdc1425550101mpnojp
DELL_per762510a	dell	【Dell】PowerEdge R7625 Smart Selection per762510a
DELL_sebt225012301mpnojp	dell	【Dell】DellタワーPlus sebt225012301mpnojp
DELL_ag-mone2425hm	dell	【Dell】Dell Pro 24モニター - E2425HM ag-mone2425hm
DELL_can16250cto03monojp	dell	【Dell】Alienware 16 Area-51ゲーミング ノートパソコン can16250cto03monojp
DELL_bto601_pc14255_jp	dell	【Dell】Dell Pro 14 ノートパソコン bto601_pc14255_jp
DELL_cda14260cto00monojp	dell	【Dell】XPS 14 ノートパソコン (2026) cda14260cto00monojp
DELL_bto201_pa14250_jp	dell	【Dell】Dell Pro 14 Premium ノートパソコン bto201_pa14250_jp
DELL_cto001_fcm2250_jp	dell	【Dell】Dell Pro Maxマイクロ デスクトップ cto001_fcm2250_jp
DELL_bto205_pa14250_jp	dell	【Dell】Dell Pro 14 Premium ノートパソコン bto205_pa14250_jp
DELL_bto105_qcs1250_jp	dell	【Dell】Dell Pro スリム デスクトップ bto105_qcs1250_jp
DELL_sdb1425550701monojp	dell	【Dell】Dell 14 Plusノートパソコン sdb1425550701monojp
DELL_sd15260arl02monojp	dell	【Dell】Dell 15ノートパソコン sd15260arl02monojp
DELL_ag-mons2725dc	dell	【Dell】Dell 27 Plus QHD USB-Cモニター - S2725DC ag-mons2725dc
DELL_odc1625555401monojp	dell	【Dell】Dell 16ノートパソコン odc1625555401monojp
DELL_cda16260cto01monojp	dell	【Dell】XPS 16 ノートパソコン (2026) cda16260cto01monojp
DELL_bto506_pc14255_jp	dell	【Dell】Dell Pro 14 ノートパソコン bto506_pc14255_jp
DELL_bto104_qbs1250_jp	dell	【Dell】Dell Pro スリム Plus デスクトップ bto104_qbs1250_jp
DELL_odb1625550301monojp	dell	【Dell】Dell 16 Plus ノートパソコン odb1625550301monojp
DELL_cto001_pw7t1260_jp	dell	【Dell】Dell Pro Precision 7 T1 デスクトップ cto001_pw7t1260_jp
DELL_ag-monaw2725q	dell	【Dell】Alienware 27 4K QD-OLEDゲーミング モニター - AW2725Q ag-monaw2725q
DELL_promo_r670_2	dell	【Dell】PowerEdge R670 Smart Selection promo_r670_2
DELL_ag-mons2725dsm	dell	【Dell】Dell 27 Plus QHDモニター - S2725DSM ag-mons2725dsm
DELL_gl_promo_per6715_1	dell	【Dell】PowerEdge R6715 Smart Selection gl_promo_per6715_1
DELL_sdc1625555401monojp	dell	【Dell】Dell 16ノートパソコン sdc1625555401monojp
DELL_spv1525000501gjpcom	dell	【Dell】Dell Pro 15 Essentialノートパソコン spv1525000501gjpcom
DELL_odb1425550701monojp	dell	【Dell】Dell 14 Plusノートパソコン odb1425550701monojp
DELL_bto105_qbm1250_jp	dell	【Dell】Dell Pro マイクロ Plus デスクトップ bto105_qbm1250_jp
DELL_ag-mons2725hsm	dell	【Dell】Dell 27 Plusモニター - S2725HSM ag-mons2725hsm
DELL_cadr8cto03monojp	dell	【Dell】Alienware Area-51ゲーミング デスクトップ cadr8cto03monojp
DELL_cad1250cto05monojp	dell	【Dell】Alienware Auroraゲーミング デスクトップ cad1250cto05monojp
DELL_per661510a	dell	【Dell】PowerEdge R6615 Smart Selection per661510a
DELL_sebt225012301monojp	dell	【Dell】DellタワーPlus sebt225012301monojp
DELL_cda16250cto04monojp	dell	【Dell】XPS 16 ノートパソコン (2025) cda16250cto04monojp
DELL_per36010a	dell	【Dell】PowerEdge R360 Smart Selection per36010a
DELL_pet36010a	dell	【Dell】PowerEdge T360 Smart Selection pet36010a
DELL_bto114_pc16250_jp	dell	【Dell】Dell Pro 16ノートパソコン bto114_pc16250_jp
DELL_bts008_qcm1250_jp	dell	【Dell】Dell Pro マイクロ デスクトップ bts008_qcm1250_jp
DELL_cto003_fcm2250_jp	dell	【Dell】Dell Pro Maxマイクロ デスクトップ cto003_fcm2250_jp
DELL_ag-monse2426h	dell	【Dell】Dell 24インチ モニター - SE2426H ag-monse2426h
DELL_sdb0425550201monojp	dell	【Dell】Dell 14 Plus 2-in-1ノートパソコン sdb0425550201monojp
DELL_bto004_qcm1250_jp	dell	【Dell】Dell Pro マイクロ デスクトップ bto004_qcm1250_jp
DELL_ag-monaw3425dwm	dell	【Dell】Alienware 34ゲーミング モニター - AW3425DWM ag-monaw3425dwm
DELL_bto111rs_mb16250_jp	dell	【Dell】Dell Pro Max 16 Plusノートパソコン bto111rs_mb16250_jp
DELL_ag-monaw2524hf_c4	dell	【Dell】Alienware 500Hz ゲーミングモニター - AW2524HF ag-monaw2524hf_c4
DELL_bto109_pb16250_jp	dell	【Dell】Dell Pro 16 Plusノートパソコン bto109_pb16250_jp
DELL_sdb0425550101monojp	dell	【Dell】Dell 14 Plus 2-in-1ノートパソコン sdb0425550101monojp
DELL_odc1625001002monojp	dell	【Dell】Dell 16 ノートパソコン odc1625001002monojp
DELL_bts105_pb13250_jp	dell	【Dell】Dell Pro 13 Plusノートパソコンまたは2-in-1 bts105_pb13250_jp
DELL_sebt225012001monojp	dell	【Dell】DellタワーPlus sebt225012001monojp
DELL_xcto_mc14250_apac	dell	【Dell】Dell Pro Max 14 ノートパソコン xcto_mc14250_apac
DELL_cadr8cto01monojp_cc_3p1	dell	【Dell】Alienware Area-51ゲーミング デスクトップ cadr8cto01monojp_cc_3p1
DELL_ag-mone2425hsm	dell	【Dell】Dell Pro 24調整可能スタンド モニター - E2425HSM ag-mone2425hsm
DELL_ag-monaw3425dw	dell	【Dell】Alienware 34 240Hz QD-OLEDゲーミング モニター - AW3425DW ag-monaw3425dw
DELL_cd14260cto01monojp	dell	【Dell】Dell 14 ノートパソコン cd14260cto01monojp
DELL_cto004_fcs1250_jp	dell	【Dell】Dell Pro Max スリム デスクトップ cto004_fcs1250_jp
DELL_cds16260cto01monojp	dell	【Dell】Dell 16S ノートパソコン cds16260cto01monojp
DELL_sdb1625550302monojp	dell	【Dell】Dell 16 Plus ノートパソコン sdb1625550302monojp
DELL_bts009_pc14250_jp	dell	【Dell】Dell Pro 14ノートパソコン bts009_pc14250_jp
DELL_promo_r770_2	dell	【Dell】PowerEdge R770 Smart Selection promo_r770_2
DELL_cad1250cto06monojp	dell	【Dell】Alienware Auroraゲーミング デスクトップ cad1250cto06monojp
DELL_cto003_fct2250_jp	dell	【Dell】Dell Pro Max タワー T2 デスクトップ cto003_fct2250_jp
DELL_ag-monaw2725dm	dell	【Dell】Alienware 27ゲーミング モニター - AW2725DM ag-monaw2725dm
DELL_cec24260cto01monojp	dell	【Dell】Dell 24 オールインワン デスクトップ cec24260cto01monojp
DELL_cto003_fcs1250_jp	dell	【Dell】Dell Pro Max スリム デスクトップ cto003_fcs1250_jp
DELL_cto002_pw7t1260_jp	dell	【Dell】Dell Pro Precision 7 T1 デスクトップ cto002_pw7t1260_jp
DELL_ag-monaw2726dm	dell	【Dell】Alienware 27 240Hz QD-OLEDゲーミング モニター - AW2726DM ag-monaw2726dm
DELL_san1625001001monojp	dell	【Dell】Alienware 16 Auroraゲーミング ノートパソコン san1625001001monojp
DELL_ag-monaw3225dm	dell	【Dell】Alienware 32ゲーミング モニター - AW3225DM ag-monaw3225dm
DELL_bto503_pc16255_jp	dell	【Dell】Dell Pro 16 ノートパソコン bto503_pc16255_jp
DELL_cds1265cto01monojp	dell	【Dell】Dellスリム デスクトップ cds1265cto01monojp
HP_1000141-md	hp	HP OmniBook Ultra 14-kg0005QU アドバンスモデル【S1】
HP_1000001-md	hp	HP 15-fc0003AU スタンダードプラスモデル
HP_1000023-md	hp	OMEN by HP 16-wf1002TX パフォーマンスモデル
HP_1000047-md	hp	HP OmniBook Ultra 14-fd0007AU パフォーマンスモデル
HP_1000078-md	hp	HP EliteBook X G1a 14 AI Notebook PC （B6NJ6PT・AI7Pro/32GB/512S）スタンダードモデル
HP_1000099-md	hp	OMEN by HP 35L Gaming Desktop GT16-0031jp ハイパフォーマンスモデルv2 (ホワイト/メッシュ)
HP_1000004-md	hp	HP 14-em0005AU スタンダードプラスモデル
HP_1000030-md	hp	HP Envy x360 14-fc0021TU パフォーマンスプラスモデル (ミッドナイトブルー)
HP_1000104-md	hp	OMEN MAX by HP 16-ah0058TX スプリームプラスモデル
HP_1000111-md	hp	HP OmniBook X Flip 14-fk0005AU パフォーマンスモデル
HP_1000041-md	hp	HP ProBook 465 G11 Notebook PC（A43A4PA・Ryzen 7/16GB/512S）スタンダードモデル
HP_1000138-md	hp	HP OmniBook X Flip 14-kc0008AU パフォーマンスモデル
HP_1000107-md	hp	HP 15-fc0001AU ベーシックモデル
HP_1000057-md	hp	HP OmniBook X 14-fe1002QU スターターモデル
HP_1000112-md	hp	HP OmniBook X Flip 14-fm0004TU スタンダードモデル (メテオシルバー)
HP_1000006-md	hp	HP 14-ep0014TU エントリーモデル
HP_1000033-md	hp	Victus by HP 15-fb2013AX モデレートモデルG3
HP_1000127-md	hp	OMEN 35L（AMD）ピナクルプラスモデル
HP_1000096-md	hp	HP OmniDesk M02-0011jp アドバンスモデル
HP_1000061-md	hp	HP 14-ep1044TU スタンダードアッパーモデルG2
HP_1000133-md	hp	OMEN 35L Stealth Edition オニキスプラスモデル
HP_1000008-md	hp	HP 14-ep0016TU スタンダードモデル
HP_1000123-md	hp	OMEN 16（AMD）アドバンスプラスモデル
HP_1000063-md	hp	HP EliteBook 630 G10 Notebook PC (B1TN1PA・Core i5/16GB/256S/IR) スタンダードモデル
HP_1000017-md	hp	HP 15-fd0229TU スタンダードプラスモデルv2 (ウォームゴールド) 【S16】
HP_1000073-md	hp	HP 14-ep1001TU スタンダードプラスモデルG2
HP_1000007-md	hp	HP 14-ep0015TU ベーシックモデル
HP_1000087-md	hp	OMEN by HP 35L Gaming Desktop GT16-0034jp ハイパフォーマンスエクストラモデルv2 (ブラック/グラス)
HP_1000066-md	hp	HP EliteBook 640 G11 Notebook PC（B1SE8PA・Ultra 5/16GB/512S）スタンダードモデル
HP_1000002-md	hp	HP 14-em0002AU エントリーモデル
HP_1000136-md	hp	HP OmniBook X Flip 14-kb0012TU パフォーマンスモデル
HP_1000109-md	hp	HP ProDesk 4 Tower G1i Desktop AI PC スタンダードモデル
HP_1000091-md	hp	OMEN by HP 16L Gaming Desktop TG03-0010jp モデレートモデル
HP_1000059-md	hp	HP 15-fd1000TU スタンダードアッパーモデルG2 (ナチュラルシルバー)
HP_1000070-md	hp	HP 14-ep1000TU スタンダードモデルG2
HP_1000014-md	hp	HP 15-fd0035TU エントリーモデル (ナチュラルシルバー)
HP_1000120-md	hp	OMEN MAX 16（AMD）アドバンスエクストラモデル
HP_1000084-md	hp	HP ZBook Firefly 14 inch G11 A Mobile Workstation (Ryzen 5 Pro 8640HS/16GB/512GB SSD/Home)
HP_1000028-md	hp	HP Envy x360 14-fc0019TU パフォーマンスモデル (ミッドナイトブルー)
HP_1000135-md	hp	OMEN 35L Stealth Edition モノリスモデル
HP_1000065-md	hp	HP EliteBook 640 G11 Notebook PC（B1SE6PA・Ultra 5/16GB/256S）スタンダードモデル
HP_1000125-md	hp	OMEN 35L（AMD）プレスティージプラスモデル
HP_1000075-md	hp	Victus by HP 15L Gaming Desktop TG02-0000jp コンベンショナルモデル
HP_1000011-md	hp	HP Dragonfly G4/CT Notebook PC スタンダードモデル
HP_1000038-md	hp	HP ProBook 445 G11 Notebook PC（Ryzen 5/8GB/256S）スタンダードモデル
HP_1000094-md	hp	HP OmniDesk M02-0001jp エンハンスドモデル (ジェットブラック/メテオシルバー）
HP_1000052-md	hp	HP EliteBook 1040 G11 Notebook PC（A7BF3PT・Ultra 7/32GB/512S）スタンダードモデル
HP_1000036-md	hp	HP Pavilion 16-ag0005AU スタンダードモデル (ナチュラルシルバー）
HP_1000131-md	hp	OMEN 35L Stealth Edition オブシディアンプラスモデル
HP_1000118-md	hp	OMEN 16（AMD）アドバンスモデル
HP_1000049-md	hp	HP Elite x360 830 G11 Notebook PC（AH0V4PA・Ultra 7/16GB/512S）スタンダードモデル
HP_1000124-md	hp	HP All-in-One 27-cr2000jp スタンダードモデルG2
HP_1000102-md	hp	OMEN MAX by HP 16-ah0057TX ハイパフォーマンスプラスモデル
HP_1000117-md	hp	OMEN MAX 16（AMD）プリエミネントモデル
HP_1000128-md	hp	HP OmniDesk AI パフォーマンスモデル
HP_1000101-md	hp	OMEN by HP 35L Gaming Desktop GT16-0033jp ハイパフォーマンスプラスモデルv2 (ホワイト/メッシュ)
HP_1000035-md	hp	HP Pavilion Plus 16-ab1000TX パフォーマンスモデルG2
HP_1000051-md	hp	HP EliteBook 1040 G11 Notebook PC（A7BE5PT・Ultra 5/vPro/16GB/256S）スタンダードモデル
HP_1000039-md	hp	HP Pavilion Aero 13-bg0009AU スタンダードモデル (ナチュラルシルバー）
HP_1000095-md	hp	HP OmniDesk M02-0010jp モデレートモデル
HP_1000085-md	hp	HP ProDesk 2 SFF G1i スタンダードモデル
HP_1000060-md	hp	HP 15-fd1001TU パフォーマンスアッパーモデルG2 (ナチュラルシルバー)
HP_1000009-md	hp	HP 14-ep0017TU スタンダードプラスモデル
HP_1000044-md	hp	HP EliteBook Ultra G1q AI PC (A9UY6PT・X1E-78/16GB/512S)スタンダードモデル
HP_1000029-md	hp	HP Envy x360 14-fc0020TU パフォーマンスプラスモデル (メテオシルバー）
HP_1000134-md	hp	OMEN 35L Stealth Edition モノリスプラスモデル
HP_1000020-md	hp	OMEN by HP Transcend 14-fb0041TX スプリームモデル
HP_1000114-md	hp	HP OmniBook Ultra Flip 14-fh0002TU スプリームモデル【S3】
HP_1000019-md	hp	OMEN by HP Transcend 14-fb0040TX パフォーマンスプラスモデル
HP_1000025-md	hp	HP Envy x360 14-fc0016TU スタンダードモデル (メテオシルバー）
HP_1000089-md	hp	OMEN by HP 16L Gaming Desktop TG03-0000jp スタンダードモデル
HP_1000068-md	hp	HP EliteBook 630 G10 Notebook PC (B1TN0PA・Core i5/16GB/256S) スタンダードモデル
HP_1000130-md	hp	OMEN 16L（AMD） モデレートプラスモデル
HP_1000026-md	hp	HP Envy x360 14-fc0017TU スタンダードモデル (ミッドナイトブルー)
HP_1000042-md	hp	HP Elite x360 830 G11/CT Notebook PC スタンダードモデル
HP_1000119-md	hp	OMEN 16L（インテル）エンハンスドモデルv2(ブラック)
HP_1000132-md	hp	OMEN 35L Stealth Edition オブシディアンモデル
HP_1000062-md	hp	HP 14-ep1045TU パフォーマンスアッパーモデルG2
HP_1000083-md	hp	HP OmniStudio X 32-c1000jp パフォーマンスモデルG2
HP_1000077-md	hp	HP Elite SFF 805 G9 スタンダードモデル
HP_1000013-md	hp	HP Dragonfly G4 Notebook PC（86Q01PA・Core i5/16GB/512S/vPro/SVR） スタンダードモデル
HP_1000143-md	hp	OMEN by HP 35L Gaming Desktop GT16-0060jp VALORANT Limited Edition 【S15】
HP_1000010-md	hp	HP 14-ep0028TU パフォーマンスモデル
HP_1000005-md	hp	HP 15-fc0000AU エントリーモデル
HP_1000048-md	hp	HP Elite x360 830 G11 Notebook PC（9W2D8AW・Ultra 5/vPro/16GB/256S）スタンダードモデル
HP_1000140-md	hp	OMEN 16L（AMD） アドバンスモデルv2
HP_1000064-md	hp	HP EliteBook 630 G10 Notebook PC (B1TN2PA・Core i5/16GB/512S/IR) スタンダードモデル
HP_1000012-md	hp	HP Dragonfly G4 Notebook PC（86P99PA・Core i5/16GB/512S/vPro） スタンダードモデル
HP_1000108-md	hp	HP ProDesk 4 SFF G1i Desktop AI PC/CT スタンダードモデル
HP_1000076-md	hp	HP OmniBook Ultra Flip 14-fh0002TU スプリームモデル
HP_1000090-md	hp	OMEN by HP 16L Gaming Desktop TG03-0004jp パフォーマンスモデル
HP_1000058-md	hp	HP OmniBook Ultra Flip 14-fh0001TU パフォーマンスモデル
HP_1000015-md	hp	HP Dragonfly G4 Notebook PC（86Q04PA・Core i7/32GB/512S/vPro/SVR） スタンダードモデル
HP_1000071-md	hp	HP 15-fd1002TU スタンダードプラスモデルG2 (ナチュラルシルバー)
HP_1000121-md	hp	OMEN MAX 16（AMD）アドバンスプラスモデル
HP_1000067-md	hp	HP EliteBook 630 G10 Notebook PC (B1TM9PA・Core i5/8GB/256S) スタンダードモデル
HP_1000122-md	hp	OMEN 16（AMD）プリエミネントプラスモデル
HP_1000072-md	hp	HP 15-fd1003TU パフォーマンスモデルG2 (ナチュラルシルバー)
HP_1000016-md	hp	HP 15-fd0227TU スタンダードモデルv2 (ウォームゴールド) 【S14】
HP_1000043-md	hp	HP EliteBook 635 Aero G11/CT Notebook PC スタンダードモデル
HP_1000027-md	hp	HP Envy x360 14-fc0018TU パフォーマンスモデル (メテオシルバー）
HP_1000126-md	hp	OMEN 35L（AMD）ピナクルモデル
HP_1000142-md	hp	HP OmniBook Ultra 14-kg0006QU プログレッシブモデル【S2】
HP_1000113-md	hp	HP OmniBook X Flip 14-fm0005TU スタンダードモデル (ミッドナイトブルー）
HP_1000074-md	hp	HP 14-ep1002TU パフォーマンスモデルG2
HP_1000106-md	hp	HP 245 G10 Notebook PC （AH0W0PA・Ryzen 5/16GB/512S/Pro） スタンダードモデル
HP_1000032-md	hp	HP Chromebook Plus x360 14b-cd0005TU スーペリアモデル
HP_1000110-md	hp	HP 255R G10 Notebook PC （C39BMAT・Ryzen 3/8GB/256S/Pro） スタンダードモデル
HP_1000093-md	hp	HP OmniDesk M02-0000jp スタンダードモデル
HP_1000024-md	hp	HP Envy x360 14-fa0001AU パフォーマンスプラスモデル
HP_1000040-md	hp	HP Pavilion Aero 13-bg0011AU パフォーマンスモデル (ナチュラルシルバー）
HP_1000081-md	hp	OMEN by HP 35L Gaming Desktop GT16-0008jp アドバンスプラスモデルv2
HP_1000088-md	hp	HP OmniDesk Slim S03-0002jp スタンダードモデル
HP_1000069-md	hp	HP ProBook 4 G1a 14(CU8R1PA・Ryzen5 / 32GB / 512GB SSD) スタンダードモデル
HP_1000055-md	hp	HP EliteBook 660 G11/CT Notebook PC スタンダードモデル
HP_1000031-md	hp	HP Chromebook x360 14b-cd0004TU コンフォートモデル
HP_1000105-md	hp	Victus by HP 15-fa2708TX スタンダードエクストラモデルG2
HP_1000018-md	hp	OMEN by HP Transcend 14-fb0066TX パフォーマンスモデル
HP_1000021-md	hp	Victus by HP 15-fa1260TX パフォーマンスプラスモデルG2
HP_1000003-md	hp	HP 14-em0003AU ベーシックモデル
HP_1000045-md	hp	HP Desktop M01-F4000jp スタンダードモデル
HP_1000115-md	hp	HP All-in-One 27-cr2001jp パフォーマンスモデルG2
HP_1000082-md	hp	HP OmniStudio X 27-cs1001jp パフォーマンスモデルG2
HP_1000079-md	hp	HP EliteBook X G1a 14 AI Notebook PC （B6NJ7PT・AI9Pro/64GB/512S）スタンダードモデル
HP_1000097-md	hp	HP EliteBook 1040 G11 Notebook PC（B3CB0AT・Ultra 5/16GB/256S）スタンダードモデル
HP_1000129-md	hp	HP 245 G10 Notebook PC （B9NN4AT・Ryzen 5/16GB/512S/Pro） スタンダードモデル
HP_1000100-md	hp	OMEN by HP 35L Gaming Desktop GT16-0032jp ハイパフォーマンスプラスモデルv2 (ブラック/グラス)
HP_1000050-md	hp	HP Elite x360 830 G11 Notebook PC（9W2B3AW・Ultra 7/vPro/16GB/512S）スタンダードモデル
HP_1000137-md	hp	HP OmniBook X Flip 14-kc0007AU スタンダードモデル
HP_1000080-md	hp	OMEN by HP 35L Gaming Desktop GT16-0007jp アドバンスモデルv2
HP_1000034-md	hp	HP Pavilion Plus 16-ab1000TU スタンダードモデルG2
HP_1000116-md	hp	OMEN MAX 16（インテル）ハイパフォーマンス コアモデル
HP_1000086-md	hp	HP 245 G10 Notebook PC （B86RPAT・Ryzen 3/8GB/256S/Pro） スタンダードモデル
HP_1000046-md	hp	HP OmniBook Ultra 14-fd0006AU スタンダードプラスモデル
HP_1000022-md	hp	Victus by HP 15-fa1258TX スタンダードプラスモデル
HP_1000037-md	hp	HP Pavilion 16-ag0006AU スタンダードモデル (スカイブルー）
HP_1000053-md	hp	HP Elite Mini 800 G9/CT NEW#14 スタンダードモデル
HP_1000056-md	hp	HP OmniStudio X 27-cs0000jp スタンダードモデル
HP_1000139-md	hp	HP 255R G10 Notebook PC （C39BQAT・Ryzen 5/16GB/256S/Home） スタンダードモデル
HP_1000054-md	hp	HP EliteBook 630 G11/CT Notebook PC スタンダードモデル
HP_1000098-md	hp	OMEN by HP 35L Gaming Desktop GT16-0030jp ハイパフォーマンスモデルv2 (ブラック/グラス)
HP_1000103-md	hp	OMEN MAX by HP 16-ah0059TX スプリームモデル
HP_1000092-md	hp	OMEN by HP 16L Gaming Desktop TG03-0011jp アドバンスモデル
