unique_id	maker	name	description	unified_genre	price
NEC_90000010	nec	Express5800/T110f-E	譛螟ｧ8蜿ｰ縺ｮ繝上ｼ繝峨ョ繧｣繧ｹ繧ｯ繧呈政霈牙庄閭ｽ縲ょ髟ｷ髮ｻ貅舌↑縺ｩ蜿ｯ逕ｨ諤ｧ縺ｮ遒ｺ菫昴↓繧る諷ｮ縺励◆繧ｨ繝ｳ繝医Μ繝｢繝Ν	PC	211050
NEC_90000011	nec	Express5800/T120d	蜈磯ｲ繝励Ο繧ｻ繝し縺ｫ繧医ｋ諤ｧ閭ｽ蜷台ｸ翫→縺ｨ繧ゅ↓譛螟ｧ24蜿ｰ縺ｮHDD讒区縲∝､ｧ螳ｹ驥上Γ繝｢繝ｪ蟇ｾ蠢懊ょ━繧後◆閠千腸蠅ｧ閭ｽ繧ょｙ縺医◆鬮俶僑蠑ｵ2Way繧ｿ繝ｯ繝ｼ繧ｵ繝ｼ繝	PC	259350
NEC_90000008	nec	Express5800/T110d	譛螟ｧ24蜿ｰ縺ｮ繝上ｼ繝峨ョ繧｣繧ｹ繧ｯ謳ｭ霈峨ｄ繧ｪ繝輔ぅ繧ｹ縺ｮ遽髮ｻ蟇ｾ遲悶ｒ謾ｯ謠ｴ縺吶ｋ40邃ｨｼ蜍穂ｿ晁ｨｼ縺ｪ縺ｩ縲√さ繧ｹ繝医ヱ繝輔か繝ｼ繝槭Φ繧ｹ縺ｨ縺ｨ繧ゅ↓迴ｾ蝣ｴ險ｭ鄂ｮ縺ｮ蛻ｩ萓ｿ諤ｧ繧定ｿｽ蜿翫＠縺滂ｼ糎ay繧ｿ繝ｯ繝ｼ繧ｵ繝ｼ繝	PC	194250
NEC_90000001	nec	Express5800/GT110e	菴惹ｾ｡譬ｼ縺ｪ縺後ｉ縲√し繝ｼ繝舌→縺励※豎ゅａ繧峨ｌ繧区僑蠑ｵ諤ｧ繧ｿ｡鬆ｼ諤ｧ繧剃ｿ晄戟縲 譛譁ｰ驪ｭ繧ｯ繧｢繝ラ繧ｳ繧｢CPU縲ヾATA/SAS繝上ｼ繝 繝ぅ繧ｹ繧ｯ繧偵し繝昴ｼ繝医＠縲ヽAID0/1/5/6/10讒区縺悟庄閭ｽ縺ｪ螳溷鴨豢ｾ繧ｨ繝ｳ繝医Μ繧ｵ繝ｼ繝舌 蜍穂ｽ懃腸蠅ｸｩ蠎ｦ40邃ｯｾ蠢懊ｄ鬮伜柑邇ｮ80PLUS Gold髮ｻ貅舌ｒ謗｡逕ｨ縺ｪ縺ｩ縲∬千腸蠅ｧ繧貞ｼｷ蛹悶る崕蜉帙ヴ繝ｼ繧ｯ蛻ｶ蠕｡讖溯ｽ繧偵し繝昴ｼ繝医＠縲∫ｯ髮ｻ繧呈髪謠ｴ縲EXPRESSSCOPE繧ｨ繝ｳ繧ｸ繝ｳ3繧呈政霈峨＠縲√Μ繝｢繝ｼ繝育ｮ｡逅ｩ溯ｽ繧ょ❾螳溘	PC	82740
NEC_90000006	nec	Express5800/R110e-1E	繝ｼ繧ｿ繧ｻ繝ｳ繧ｿ迺ｰ蠅ｒ蜷ｫ繧繝輔Ο繝ｳ繝医お繝ｳ繝峨ヾMB 迺ｰ蠅↓譛驕ｩ蛹悶＆繧後◆1U 繝ｩ繝け繝槭え繝ｳ繝医し繝ｼ繝	PC	195300
NEC_90000009	nec	Express5800/GT110f	繧ｯ繧｢繝ラ繧ｳ繧｢CPU縺ｫ蟇ｾ蠢懊＠縺溘お繝ｳ繝医Μ繧ｵ繝ｼ繝舌ら腸蠅ｸｩ蠎ｦ40邃ｯｾ蠢懊ら怐髮ｻ蜉幃°逕ｨ讖溯ｽ繧僑蠑ｵ諤ｧ繧ょｙ縺医∵律縲⒤ｮ讌ｭ蜍吶ｒ謾ｯ縺医∪縺吶	PC	120750
NEC_90000003	nec	Express5800/GT110e-S(豌ｴ蜀ｷ)	豌ｴ蜀ｷ繧ｷ繧ｹ繝Β謳ｭ霈峨＠讌ｭ逡梧怙蟆上け繝ｩ繧ｹ縺ｮ逵√せ繝壹ｼ繧ｹ遲蝉ｽ薙〒髱咎浹蛹悶ｒ螳溽樟縲ゅヰ繝け繧｢繝陬⒨ｽｮ繧ょ阡ｵ蜿ｯ閭ｽ縺ｪ豌ｴ蜀ｷ蠑上せ繝ｪ繝 繧ｵ繝ｼ繝舌ょｮ､貂ｩ40邃ｮ迺ｰ蠅〒繧ょｮ牙ｮ夂ｨｼ蜍輔るｫ伜柑邇80 PLUSR Silver髮ｻ貅舌ｮ謗｡逕ｨ縺ｫ繧医ｊ髮ｻ蜉帙ｮ繝ｭ繧ｹ繧剃ｽ取ｸ帙	PC	158235
NEC_90000012	nec	iStorageNS100Td	逵√せ繝壹ｼ繧ｹ繧ｹ繝ｪ繝 遲蝉ｽ薙↓繝ｼ繝苓｣⒨ｽｮ繧貞阡ｵ蜿ｯ閭ｽ縲りｨｭ螳夐 ⒨岼縺悟ｰ代↑縺上∝ｰ主Ⅶ縺檎ｰ｡蜊倥CAL繝輔Μ繝ｼ縺ｮ縺溘ａ縲√け繝ｩ繧､繧｢繝ｳ繝域磁邯壹Λ繧､繧ｻ繝ｳ繧ｹ縺ｮ霑ｽ蜉 繧ｳ繧ｹ繝医ｂ縺九°繧翫∪縺帙ｓ縲	PC	207900
NEC_90000004	nec	Express5800/GT110f-S	蟷98mm縺ｮ繧ｹ繝ｪ繝 遲蝉ｽ薙↓縲∵怙螟ｧ6蜿ｰ縺ｮHDD/SSD繧ヰ繝け繧｢繝陬⒨ｽｮ縺ｮ蜀⒩鳩縺悟庄閭ｽ縲ゅ＆繧峨↓縲∵ｨｪ鄂ｮ縺阪ｄ繝ｩ繝け謳ｭ霈峨↓繧ょｯｾ蠢懊＠縺溘Ξ繧､繧｢繧ｦ繝医ヵ繝ｪ繝ｼ險ｭ險医↓繧医ｊ縲∵ｧ倥⒤↑迺ｰ蠅↓蠢懊§縺溯㌕蝨ｨ縺ｪ繧ｵ繝ｼ繝占ｨｭ鄂ｮ繧呈髪謠ｴ縲	PC	189000
NEC_90000005	nec	Express5800/GT110f-S(豌ｴ蜀ｷｼ	豌ｴ蜀ｷ繧ｷ繧ｹ繝Β謳ｭ霈峨＠讌ｭ逡梧怙蟆上け繝ｩ繧ｹ縺ｮ逵√せ繝壹ｼ繧ｹ遲蝉ｽ薙〒髱咎浹蛹悶ｒ螳溽樟縲ゅヰ繝け繧｢繝陬⒨ｽｮ繧ょ阡ｵ蜿ｯ閭ｽ縺ｪ豌ｴ蜀ｷ蠑上せ繝ｪ繝 繧ｵ繝ｼ繝舌ょｮ､貂ｩ40邃ｮ迺ｰ蠅〒繧ょｮ牙ｮ夂ｨｼ蜍輔るｫ伜柑邇80 PLUSR Platinum髮ｻ貅舌ｮ謗｡逕ｨ縺ｫ繧医ｊ髮ｻ蜉帙ｮ繝ｭ繧ｹ繧剃ｽ取ｸ帙	PC	215250
NEC_90000007	nec	Express5800/R110f-1E	1Way縺ｪ縺後ｉ鬮伜ｺｦ縺ｪ繝代ヵ繧ｩ繝ｼ繝槭Φ繧ｹ縺ｨ雎雁ｯ後↑諡｡蠑ｵ諤ｧ繧貞ｮ溽樟縲ゅ＆繧峨↓繧ｷ繧ｹ繝Β縺ｮ蜿ｯ逕ｨ諤ｧ繧貞髄荳翫☆繧句髟ｷ髮ｻ貅/繝輔ぃ繝ｳ縺ｫ繧ょｯｾ蠢懊＠縺溘お繝ｳ繝医Μ蜷代¢繝ｩ繝け繧ｵ繝ｼ繝舌	PC	229950
NEC_90000002	nec	Express5800/GT110e-S	蟷⒨ｴ93mm縺ｨ縺ｻ縺ｼ蜷榊絢繧ｵ繧､繧ｺ繧貞ｮ溽樟縲よ･ｭ逡梧怙蟆上け繝ｩ繧ｹ縺ｮ逵√せ繝壹ｼ繧ｹ遲蝉ｽ薙↓鬮倅ｿ｡鬆ｼｼｳｼ｡ｼｳ繝ぅ繧ｹ繧ｯ繧呈政霈牙庄閭ｽ縲よｨｪ鄂ｮ縺阪ｂ蜿ｯ閭ｽ縺ｪ繧ｪ繝輔ぅ繧ｹ險ｭ鄂ｮ縺ｫ繝輔ぅ繝ヨ縺吶ｋ繧ｹ繝ｪ繝 繧ｵ繝ｼ繝舌	PC	114240
dynabook_W6SZMX5RAL	Dynabook	dynabook SZ/MX Webオリジナル 型番：W6SZMX5RAL		PC	171380
dynabook_W6XZHY5BBL	Dynabook	dynabook XZ/HY Webオリジナル 型番：W6XZHY5BBL		PC	228580
dynabook_W6XZHY5PCL	Dynabook	dynabook XZ/HY Webオリジナル 型番：W6XZHY5PCL		PC	267080
dynabook_W6XZHW5PAS	Dynabook	dynabook XZ/HW Webオリジナル 型番：W6XZHW5PAS		PC	261580
dynabook_W6RAZY7CAH	Dynabook	dynabook RA/ZY Webオリジナル 型番：W6RAZY7CAH		PC	164780
dynabook_W6GZHY5CAW	Dynabook	dynabook GZ/HY Webオリジナル 型番：W6GZHY5CAW		PC	186780
dynabook_W6XZHY5RCL	Dynabook	dynabook XZ/HY Webオリジナル 型番：W6XZHY5RCL		PC	236280
dynabook_W6XZHW5RAS	Dynabook	dynabook XZ/HW Webオリジナル 型番：W6XZHW5RAS		PC	230780
dynabook_W6BZMX5RBB	Dynabook	dynabook BZ/MX Webオリジナル 型番：W6BZMX5RBB		PC	140580
dynabook_W6GZHY5BAW	Dynabook	dynabook GZ/HY Webオリジナル 型番：W6GZHY5BAW		PC	217580
dynabook_W6SZMX5PAL	Dynabook	dynabook SZ/MX Webオリジナル 型番：W6SZMX5PAL		PC	202180
dynabook_W6PZMY5PBB	Dynabook	dynabook PZ/MY Webオリジナル 型番：W6PZMY5PBB		PC	182380
dynabook_W6MZMY5PBL	Dynabook	dynabook MZ/MY Webオリジナル 型番：W6MZMY5PBL		PC	186780
dynabook_W6CZMY7FAS	Dynabook	dynabook CZ/MY Webオリジナル 型番：W6CZMY7FAS		PC	182380
dynabook_W6BZMX5PBB	Dynabook	dynabook BZ/MX Webオリジナル 型番：W6BZMX5PBB		PC	171380
dynabook_W6XPZA7CAH	Dynabook	dynabook XP/ZA Webオリジナル 型番：W6XPZA7CAH		PC	237380
dynabook_W6RZMW5CBL	Dynabook	dynabook RZ/MW Webオリジナル 型番：W6RZMW5CBL		PC	204600
dynabook_W6MZMY5RBL	Dynabook	dynabook MZ/MY Webオリジナル 型番：W6MZMY5RBL		PC	155980
dynabook_W6PZMY5RBB	Dynabook	dynabook PZ/MY Webオリジナル 型番：W6PZMY5RBB		PC	151580
dynabook_W6CZMY7EAS	Dynabook	dynabook CZ/MY Webオリジナル 型番：W6CZMY7EAS		PC	213180
dynabook_W6RZMX7CAL	Dynabook	dynabook RZ/MX Webオリジナル 型番：W6RZMX7CAL		PC	269280
dynabook_W6RZMX7BAL	Dynabook	dynabook RZ/MX Webオリジナル 型番：W6RZMX7BAL		PC	300080
dynabook_W6RZMW5BBL	Dynabook	dynabook RZ/MW Webオリジナル 型番：W6RZMW5BBL		PC	235400
dynabook_W6XAZY5BAM	Dynabook	dynabook XA/ZY Webオリジナル 型番：W6XAZY5BAM		PC	182380
dynabook_W6VZMY5PAL	Dynabook	dynabook VZ/MY Webオリジナル 型番：W6VZMY5PAL		PC	243980
dynabook_W6RAZY7BAH	Dynabook	dynabook RA/ZY Webオリジナル 型番：W6RAZY7BAH		PC	195580
dynabook_W6RZMY7RBL	Dynabook	dynabook RZ/MY Webオリジナル 型番：W6RZMY7RBL		PC	246180
dynabook_W6VZMY5RAL	Dynabook	dynabook VZ/MY Webオリジナル 型番：W6VZMY5RAL		PC	213180
dynabook_W6XPZA7BAH	Dynabook	dynabook XP/ZA Webオリジナル 型番：W6XPZA7BAH		PC	265980
dynabook_W6PZMX5EAB	Dynabook	dynabook PZ/MX Webオリジナル 型番：W6PZMX5EAB		PC	164780
dynabook_W6MZMX5EAL	Dynabook	dynabook MZ/MX Webオリジナル 型番：W6MZMX5EAL		PC	180180
dynabook_W6BZMX3PAB	Dynabook	dynabook BZ/MX Webオリジナル 型番：W6BZMX3PAB		PC	153780
dynabook_W6XAZY5CAM	Dynabook	dynabook XA/ZY Webオリジナル 型番：W6XAZY5CAM		PC	151580
dynabook_W6PZMX5FAB	Dynabook	dynabook PZ/MX Webオリジナル 型番：W6PZMX5FAB		PC	133980
dynabook_W6MZMX5FAL	Dynabook	dynabook MZ/MX Webオリジナル 型番：W6MZMX5FAL		PC	114180
dynabook_W6GRZZ7FBD	Dynabook	dynabook GR/ZZ Webオリジナル 型番：W6GRZZ7FBD		PC	204380
dynabook_W6BZMX3RAB	Dynabook	dynabook BZ/MX Webオリジナル 型番：W6BZMX3RAB		PC	122980
dynabook_W6XDZA5BAM	Dynabook	dynabook XD/ZA Webオリジナル 型番：W6XDZA5BAM		PC	219780
dynabook_W6XDZA5CAM	Dynabook	dynabook XD/ZA Webオリジナル 型番：W6XDZA5CAM		PC	191180
dynabook_W6RZMY7PBL	Dynabook	dynabook RZ/MY Webオリジナル 型番：W6RZMY7PBL		PC	276980
dynabook_W6XPZY7BAL	Dynabook	dynabook XP/ZY Webオリジナル 型番：W6XPZY7BAL		PC	293480
dynabook_W6XAZY5RAM	Dynabook	dynabook XA/ZY Webオリジナル 型番：W6XAZY5RAM		PC	162580
dynabook_W6RZMY7BBL	Dynabook	dynabook RZ/MY Webオリジナル 型番：W6RZMY7BBL		PC	265980
dynabook_W6RZMW5XBL	Dynabook	dynabook RZ/MW Webオリジナル 型番：W6RZMW5XBL		PC	224400
dynabook_W6RZMY7CBL	Dynabook	dynabook RZ/MY Webオリジナル 型番：W6RZMY7CBL		PC	235180
dynabook_W6VZMY5CAL	Dynabook	dynabook VZ/MY Webオリジナル 型番：W6VZMY5CAL		PC	196680
dynabook_W6GZHY7PAL	Dynabook	dynabook GZ/HY Webオリジナル 型番：W6GZHY7PAL		PC	273680
dynabook_W6XPZY7CAL	Dynabook	dynabook XP/ZY Webオリジナル 型番：W6XPZY7CAL		PC	264880
dynabook_W6XAZY5PAM	Dynabook	dynabook XA/ZY Webオリジナル 型番：W6XAZY5PAM		PC	193380
dynabook_W6CZMW5FAS	Dynabook	dynabook CZ/MW Webオリジナル 型番：W6CZMW5FAS		PC	149600
dynabook_W6GRZZ7FAM	Dynabook	dynabook GR/ZZ Webオリジナル 型番：W6GRZZ7FAM		PC	237380
dynabook_W6XZHY7PDS	Dynabook	dynabook XZ/HY Webオリジナル 型番：W6XZHY7PDS		PC	274780
dynabook_W6CZMW5EAS	Dynabook	dynabook CZ/MW Webオリジナル 型番：W6CZMW5EAS		PC	180400
dynabook_W6MZMX5RAL	Dynabook	dynabook MZ/MX Webオリジナル 型番：W6MZMX5RAL		PC	125180
dynabook_W6PZMX5RAB	Dynabook	dynabook PZ/MX Webオリジナル 型番：W6PZMX5RAB		PC	150480
dynabook_W6VZMY5BAL	Dynabook	dynabook VZ/MY Webオリジナル 型番：W6VZMY5BAL		PC	227480
dynabook_W6GAZY7PDL	Dynabook	dynabook GA/ZY Webオリジナル 型番：W6GAZY7PDL		PC	177980
dynabook_W6BZMX3FAB	Dynabook	dynabook BZ/MX Webオリジナル 型番：W6BZMX3FAB		PC	96580
dynabook_W6MZMX5PAL	Dynabook	dynabook MZ/MX Webオリジナル 型番：W6MZMX5PAL		PC	191180
dynabook_W6RZMX7XAL	Dynabook	dynabook RZ/MX Webオリジナル 型番：W6RZMX7XAL		PC	280280
dynabook_W6PZMX5PAB	Dynabook	dynabook PZ/MX Webオリジナル 型番：W6PZMX5PAB		PC	181280
dynabook_W6GRZZ7EAM	Dynabook	dynabook GR/ZZ Webオリジナル 型番：W6GRZZ7EAM		PC	268180
dynabook_W6RZMW5RBL	Dynabook	dynabook RZ/MW Webオリジナル 型番：W6RZMW5RBL		PC	218900
dynabook_W6MZMY5FBL	Dynabook	dynabook MZ/MY Webオリジナル 型番：W6MZMY5FBL		PC	146080
dynabook_W6PZMY5EBB	Dynabook	dynabook PZ/MY Webオリジナル 型番：W6PZMY5EBB		PC	171380
dynabook_W6BZMX3EAB	Dynabook	dynabook BZ/MX Webオリジナル 型番：W6BZMX3EAB		PC	127380
dynabook_W6PZMY5FBB	Dynabook	dynabook PZ/MY Webオリジナル 型番：W6PZMY5FBB		PC	140580
dynabook_W6AZHW5CAG	Dynabook	dynabook AZ/HW Webオリジナル 型番：W6AZHW5CAG		PC	154000
dynabook_W6BZMX5EBB	Dynabook	dynabook BZ/MX Webオリジナル 型番：W6BZMX5EBB		PC	154880
dynabook_W6MZMY5EBL	Dynabook	dynabook MZ/MY Webオリジナル 型番：W6MZMY5EBL		PC	176880
dynabook_W6RZMW5PBL	Dynabook	dynabook RZ/MW Webオリジナル 型番：W6RZMW5PBL		PC	249700
dynabook_W6BZMX5FBB	Dynabook	dynabook BZ/MX Webオリジナル 型番：W6BZMX5FBB		PC	124080
dynabook_W6RZMX7WAL	Dynabook	dynabook RZ/MX Webオリジナル 型番：W6RZMX7WAL		PC	311080
dynabook_W6XZHY7RBS	Dynabook	dynabook XZ/HY Webオリジナル 型番：W6XZHY7RBS		PC	243980
dynabook_W6AZHW5BAG	Dynabook	dynabook AZ/HW Webオリジナル 型番：W6AZHW5BAG		PC	184800
dynabook_W6RZMW5WBL	Dynabook	dynabook RZ/MW Webオリジナル 型番：W6RZMW5WBL		PC	255200
dynabook_W6GRZY7RAM	Dynabook	dynabook GR/ZY Webオリジナル 型番：W6GRZY7RAM		PC	268180
dynabook_W6GRZZ5EAJ	Dynabook	dynabook GR/ZZ Webオリジナル 型番：W6GRZZ5EAJ		PC	202180
dynabook_W6GRZZ5FAJ	Dynabook	dynabook GR/ZZ Webオリジナル 型番：W6GRZZ5FAJ		PC	171380
dynabook_W6AZMY7CDG	Dynabook	dynabook AZ/MY Webオリジナル 型番：W6AZMY7CDG		PC	187880
dynabook_W6AZMY7BDG	Dynabook	dynabook AZ/MY Webオリジナル 型番：W6AZMY7BDG		PC	218680
dynabook_W6RZMY7PAL	Dynabook	dynabook RZ/MY Webオリジナル 型番：W6RZMY7PAL		PC	311080
dynabook_W6BAZY7PAH	Dynabook	dynabook BA/ZY Webオリジナル 型番：W6BAZY7PAH		PC	186780
dynabook_W6MZMX5FBL	Dynabook	dynabook MZ/MX Webオリジナル 型番：W6MZMX5FBL		PC	144980
dynabook_W6MZMX5EBL	Dynabook	dynabook MZ/MX Webオリジナル 型番：W6MZMX5EBL		PC	175780
dynabook_W6PZMX5FBB	Dynabook	dynabook PZ/MX Webオリジナル 型番：W6PZMX5FBB		PC	117480
dynabook_W6BAZY7RAH	Dynabook	dynabook BA/ZY Webオリジナル 型番：W6BAZY7RAH		PC	155980
dynabook_W6GRZY7PAM	Dynabook	dynabook GR/ZY Webオリジナル 型番：W6GRZY7PAM		PC	298980
dynabook_W6RZMY7RAL	Dynabook	dynabook RZ/MY Webオリジナル 型番：W6RZMY7RAL		PC	280280
dynabook_W6PZMX5EBB	Dynabook	dynabook PZ/MX Webオリジナル 型番：W6PZMX5EBB		PC	148280
dynabook_W6BZMX5PAB	Dynabook	dynabook BZ/MX Webオリジナル 型番：W6BZMX5PAB		PC	193380
dynabook_W6PZMY5RAB	Dynabook	dynabook PZ/MY Webオリジナル 型番：W6PZMY5RAB		PC	154880
dynabook_W6MZMY5RAL	Dynabook	dynabook MZ/MY Webオリジナル 型番：W6MZMY5RAL		PC	161480
dynabook_W6CZMY7EBS	Dynabook	dynabook CZ/MY Webオリジナル 型番：W6CZMY7EBS		PC	199980
dynabook_W6PZMX3EAB	Dynabook	dynabook PZ/MX Webオリジナル 型番：W6PZMX3EAB		PC	121880
dynabook_W6CZMY7FBS	Dynabook	dynabook CZ/MY Webオリジナル 型番：W6CZMY7FBS		PC	169180
dynabook_W6PZMX3FAB	Dynabook	dynabook PZ/MX Webオリジナル 型番：W6PZMX3FAB		PC	91080
dynabook_W6BZMX5RAB	Dynabook	dynabook BZ/MX Webオリジナル 型番：W6BZMX5RAB		PC	162580
dynabook_W6MZMY5PAL	Dynabook	dynabook MZ/MY Webオリジナル 型番：W6MZMY5PAL		PC	192280
dynabook_W6PZMY5PAB	Dynabook	dynabook PZ/MY Webオリジナル 型番：W6PZMY5PAB		PC	185680
dynabook_W6RZMX7BBL	Dynabook	dynabook RZ/MX Webオリジナル 型番：W6RZMX7BBL		PC	265980
dynabook_W6RZMX7CBL	Dynabook	dynabook RZ/MX Webオリジナル 型番：W6RZMX7CBL		PC	235180
dynabook_W6PZMX3RAB	Dynabook	dynabook PZ/MX Webオリジナル 型番：W6PZMX3RAB		PC	117480
dynabook_W6BZMX5FAB	Dynabook	dynabook BZ/MX Webオリジナル 型番：W6BZMX5FAB		PC	146080
dynabook_W6BZMX5EAB	Dynabook	dynabook BZ/MX Webオリジナル 型番：W6BZMX5EAB		PC	176880
dynabook_W6PZMY5EAB	Dynabook	dynabook PZ/MY Webオリジナル 型番：W6PZMY5EAB		PC	174680
dynabook_W6XZHY5RDL	Dynabook	dynabook XZ/HY Webオリジナル 型番：W6XZHY5RDL		PC	223080
dynabook_W6MZMY5EAL	Dynabook	dynabook MZ/MY Webオリジナル 型番：W6MZMY5EAL		PC	181280
dynabook_W6XZHY5PDL	Dynabook	dynabook XZ/HY Webオリジナル 型番：W6XZHY5PDL		PC	253880
dynabook_W6RZMY7CAL	Dynabook	dynabook RZ/MY Webオリジナル 型番：W6RZMY7CAL		PC	269280
dynabook_W6MZMY5FAL	Dynabook	dynabook MZ/MY Webオリジナル 型番：W6MZMY5FAL		PC	150480
dynabook_W6SZMX5FBL	Dynabook	dynabook SZ/MX Webオリジナル 型番：W6SZMX5FBL		PC	155980
dynabook_W6PZMY5FAB	Dynabook	dynabook PZ/MY Webオリジナル 型番：W6PZMY5FAB		PC	143880
dynabook_W6PZMX3PAB	Dynabook	dynabook PZ/MX Webオリジナル 型番：W6PZMX3PAB		PC	148280
dynabook_W6BAZY7CAH	Dynabook	dynabook BA/ZY Webオリジナル 型番：W6BAZY7CAH		PC	144980
dynabook_W6RZMX7WBL	Dynabook	dynabook RZ/MX Webオリジナル 型番：W6RZMX7WBL		PC	276980
dynabook_W6BAZY7BAH	Dynabook	dynabook BA/ZY Webオリジナル 型番：W6BAZY7BAH		PC	175780
dynabook_W6RZMY7BAL	Dynabook	dynabook RZ/MY Webオリジナル 型番：W6RZMY7BAL		PC	300080
dynabook_W6RZMX7XBL	Dynabook	dynabook RZ/MX Webオリジナル 型番：W6RZMX7XBL		PC	246180
dynabook_W6GRZZ7EBM	Dynabook	dynabook GR/ZZ Webオリジナル 型番：W6GRZZ7EBM		PC	235180
dynabook_W6PZMX5PBB	Dynabook	dynabook PZ/MX Webオリジナル 型番：W6PZMX5PBB		PC	164780
dynabook_W6MZMX5PBL	Dynabook	dynabook MZ/MX Webオリジナル 型番：W6MZMX5PBL		PC	186780
dynabook_W6SZMY7RBL	Dynabook	dynabook SZ/MY Webオリジナル 型番：W6SZMY7RBL		PC	191180
dynabook_W6GRZZ7FBM	Dynabook	dynabook GR/ZZ Webオリジナル 型番：W6GRZZ7FBM		PC	204380
dynabook_W6MZMX5RBL	Dynabook	dynabook MZ/MX Webオリジナル 型番：W6MZMX5RBL		PC	155980
dynabook_W6PZMX5RBB	Dynabook	dynabook PZ/MX Webオリジナル 型番：W6PZMX5RBB		PC	133980
dynabook_W6XZHY5RAL	Dynabook	dynabook XZ/HY Webオリジナル 型番：W6XZHY5RAL		PC	230780
dynabook_W6GAZY5PAL	Dynabook	dynabook GA/ZY Webオリジナル 型番：W6GAZY5PAL		PC	169180
dynabook_W6GZHY5PBL	Dynabook	dynabook GZ/HY Webオリジナル 型番：W6GZHY5PBL		PC	245080
dynabook_W6XZHY5RAS	Dynabook	dynabook XZ/HY Webオリジナル 型番：W6XZHY5RAS		PC	230780
dynabook_W6XZHY5PAS	Dynabook	dynabook XZ/HY Webオリジナル 型番：W6XZHY5PAS		PC	261580
dynabook_W6GZHY5RBL	Dynabook	dynabook GZ/HY Webオリジナル 型番：W6GZHY5RBL		PC	214280
dynabook_W6GAZY5RAL	Dynabook	dynabook GA/ZY Webオリジナル 型番：W6GAZY5RAL		PC	138380
dynabook_W6SZMY7PBL	Dynabook	dynabook SZ/MY Webオリジナル 型番：W6SZMY7PBL		PC	221980
dynabook_W6VZHY7BBL	Dynabook	dynabook VZ/HY Webオリジナル 型番：W6VZHY7BBL		PC	256080
dynabook_W6GRZZ5EAD	Dynabook	dynabook GR/ZZ Webオリジナル 型番：W6GRZZ5EAD		PC	202180
dynabook_W6XZHW5BBL	Dynabook	dynabook XZ/HW Webオリジナル 型番：W6XZHW5BBL		PC	193380
dynabook_W6XZHW5CBL	Dynabook	dynabook XZ/HW Webオリジナル 型番：W6XZHW5CBL		PC	162580
dynabook_W6VZHY7CBL	Dynabook	dynabook VZ/HY Webオリジナル 型番：W6VZHY7CBL		PC	225280
dynabook_W6GRZZ5FAD	Dynabook	dynabook GR/ZZ Webオリジナル 型番：W6GRZZ5FAD		PC	171380
dynabook_W6GRZY5RBM	Dynabook	dynabook GR/ZY Webオリジナル 型番：W6GRZY5RBM		PC	179080
dynabook_W6AZLY5PDL	Dynabook	dynabook AZ/LY Webオリジナル 型番：W6AZLY5PDL		PC	192280
dynabook_W6XZHW7BAS	Dynabook	dynabook XZ/HW Webオリジナル 型番：W6XZHW7BAS		PC	258280
dynabook_W6XAZY7RAH	Dynabook	dynabook XA/ZY Webオリジナル 型番：W6XAZY7RAH		PC	175780
dynabook_W6XZHW7CAS	Dynabook	dynabook XZ/HW Webオリジナル 型番：W6XZHW7CAS		PC	227480
dynabook_W6XAZY7PAH	Dynabook	dynabook XA/ZY Webオリジナル 型番：W6XAZY7PAH		PC	206580
dynabook_W6AZLY5RDL	Dynabook	dynabook AZ/LY Webオリジナル 型番：W6AZLY5RDL		PC	161480
dynabook_W6GRZY5PBM	Dynabook	dynabook GR/ZY Webオリジナル 型番：W6GRZY5PBM		PC	209880
dynabook_W6SZMY5RAL	Dynabook	dynabook SZ/MY Webオリジナル 型番：W6SZMY5RAL		PC	171380
dynabook_W6XZHY7RBL	Dynabook	dynabook XZ/HY Webオリジナル 型番：W6XZHY7RBL		PC	243980
dynabook_W6XZHY7PBL	Dynabook	dynabook XZ/HY Webオリジナル 型番：W6XZHY7PBL		PC	274780
dynabook_W6AZLY5FDL	Dynabook	dynabook AZ/LY Webオリジナル 型番：W6AZLY5FDL		PC	150480
dynabook_W6SZMX5EBL	Dynabook	dynabook SZ/MX Webオリジナル 型番：W6SZMX5EBL		PC	186780
dynabook_W6XZHY7CBL	Dynabook	dynabook XZ/HY Webオリジナル 型番：W6XZHY7CBL		PC	217580
dynabook_W6AZLY5EDL	Dynabook	dynabook AZ/LY Webオリジナル 型番：W6AZLY5EDL		PC	181280
dynabook_W6XZHW7RAS	Dynabook	dynabook XZ/HW Webオリジナル 型番：W6XZHW7RAS		PC	265980
dynabook_W6XZHY7BBL	Dynabook	dynabook XZ/HY Webオリジナル 型番：W6XZHY7BBL		PC	248380
dynabook_W6XZHW7PAS	Dynabook	dynabook XZ/HW Webオリジナル 型番：W6XZHW7PAS		PC	296780
dynabook_W6XAZY7BAH	Dynabook	dynabook XA/ZY Webオリジナル 型番：W6XAZY7BAH		PC	195580
dynabook_W6GZHY5PCL	Dynabook	dynabook GZ/HY Webオリジナル 型番：W6GZHY5PCL		PC	258280
dynabook_W6XZHY7PCL	Dynabook	dynabook XZ/HY Webオリジナル 型番：W6XZHY7PCL		PC	296780
dynabook_W6XZHW5RBL	Dynabook	dynabook XZ/HW Webオリジナル 型番：W6XZHW5RBL		PC	213400
dynabook_W6XAZY7CAH	Dynabook	dynabook XA/ZY Webオリジナル 型番：W6XAZY7CAH		PC	164780
dynabook_W6VZHY7RBL	Dynabook	dynabook VZ/HY Webオリジナル 型番：W6VZHY7RBL		PC	241780
dynabook_W6XZHY5PAL	Dynabook	dynabook XZ/HY Webオリジナル 型番：W6XZHY5PAL		PC	261580
dynabook_W6XZHW5PBL	Dynabook	dynabook XZ/HW Webオリジナル 型番：W6XZHW5PBL		PC	244200
dynabook_W6SZMY7EBL	Dynabook	dynabook SZ/MY Webオリジナル 型番：W6SZMY7EBL		PC	210980
dynabook_W6SZMY7FBL	Dynabook	dynabook SZ/MY Webオリジナル 型番：W6SZMY7FBL		PC	180180
dynabook_W6VZHY7PBL	Dynabook	dynabook VZ/HY Webオリジナル 型番：W6VZHY7PBL		PC	272580
dynabook_W6XZHY5CAS	Dynabook	dynabook XZ/HY Webオリジナル 型番：W6XZHY5CAS		PC	192280
dynabook_W6XZHY5BAS	Dynabook	dynabook XZ/HY Webオリジナル 型番：W6XZHY5BAS		PC	223080
dynabook_W6GAZY5BAL	Dynabook	dynabook GA/ZY Webオリジナル 型番：W6GAZY5BAL		PC	158180
dynabook_W6GAZY5CAL	Dynabook	dynabook GA/ZY Webオリジナル 型番：W6GAZY5CAL		PC	127380
dynabook_W6GRZY5PAM	Dynabook	dynabook GR/ZY Webオリジナル 型番：W6GRZY5PAM		PC	213180
dynabook_W6VZHW7BAL	Dynabook	dynabook VZ/HW Webオリジナル 型番：W6VZHW7BAL		PC	313280
dynabook_W6RZMW7BEL	Dynabook	dynabook RZ/MW Webオリジナル 型番：W6RZMW7BEL		PC	277200
dynabook_W6XZHW7CBS	Dynabook	dynabook XZ/HW Webオリジナル 型番：W6XZHW7CBS		PC	216480
dynabook_W6SZMX7RCL	Dynabook	dynabook SZ/MX Webオリジナル 型番：W6SZMX7RCL		PC	186780
dynabook_W6XZHY7PAL	Dynabook	dynabook XZ/HY Webオリジナル 型番：W6XZHY7PAL		PC	296780
dynabook_W6GRZY5RAM	Dynabook	dynabook GR/ZY Webオリジナル 型番：W6GRZY5RAM		PC	182380
dynabook_W6SZMX7PCL	Dynabook	dynabook SZ/MX Webオリジナル 型番：W6SZMX7PCL		PC	217580
dynabook_W6XZHW7BBS	Dynabook	dynabook XZ/HW Webオリジナル 型番：W6XZHW7BBS		PC	247280
dynabook_W6SZMX7EBL	Dynabook	dynabook SZ/MX Webオリジナル 型番：W6SZMX7EBL		PC	210980
dynabook_W6XZHY5BAL	Dynabook	dynabook XZ/HY Webオリジナル 型番：W6XZHY5BAL		PC	223080
dynabook_W6SZMX7FBL	Dynabook	dynabook SZ/MX Webオリジナル 型番：W6SZMX7FBL		PC	180180
dynabook_W6XZHY7RAL	Dynabook	dynabook XZ/HY Webオリジナル 型番：W6XZHY7RAL		PC	265980
dynabook_W6GZHY5RAL	Dynabook	dynabook GZ/HY Webオリジナル 型番：W6GZHY5RAL		PC	227480
dynabook_W6XZHY5PBS	Dynabook	dynabook XZ/HY Webオリジナル 型番：W6XZHY5PBS		PC	248380
dynabook_W6XZHY5CAL	Dynabook	dynabook XZ/HY Webオリジナル 型番：W6XZHY5CAL		PC	192280
dynabook_W6GAZY5RBL	Dynabook	dynabook GA/ZY Webオリジナル 型番：W6GAZY5RBL		PC	127380
dynabook_W6GAZY5PBL	Dynabook	dynabook GA/ZY Webオリジナル 型番：W6GAZY5PBL		PC	158180
dynabook_W6GZHY5PAL	Dynabook	dynabook GZ/HY Webオリジナル 型番：W6GZHY5PAL		PC	258280
dynabook_W6XPZA5CAH	Dynabook	dynabook XP/ZA Webオリジナル 型番：W6XPZA5CAH		PC	196680
dynabook_W6XZHY5RBS	Dynabook	dynabook XZ/HY Webオリジナル 型番：W6XZHY5RBS		PC	217580
dynabook_W6XPZA5BAH	Dynabook	dynabook XP/ZA Webオリジナル 型番：W6XPZA5BAH		PC	225280
dynabook_W6XZHW5CAL	Dynabook	dynabook XZ/HW Webオリジナル 型番：W6XZHW5CAL		PC	179080
dynabook_W6VZHY7CAL	Dynabook	dynabook VZ/HY Webオリジナル 型番：W6VZHY7CAL		PC	248380
dynabook_W6XZHW5PAL	Dynabook	dynabook XZ/HW Webオリジナル 型番：W6XZHW5PAL		PC	266200
dynabook_W6VZHW7CAL	Dynabook	dynabook VZ/HW Webオリジナル 型番：W6VZHW7CAL		PC	280280
dynabook_W6XZHW5BAL	Dynabook	dynabook XZ/HW Webオリジナル 型番：W6XZHW5BAL		PC	209880
dynabook_W6VZHY7BAL	Dynabook	dynabook VZ/HY Webオリジナル 型番：W6VZHY7BAL		PC	279180
dynabook_W6XZHY5PCS	Dynabook	dynabook XZ/HY Webオリジナル 型番：W6XZHY5PCS		PC	267080
dynabook_W6GAZY5RCL	Dynabook	dynabook GA/ZY Webオリジナル 型番：W6GAZY5RCL		PC	138380
dynabook_W6XPZA5PAH	Dynabook	dynabook XP/ZA Webオリジナル 型番：W6XPZA5PAH		PC	236280
dynabook_W6XPZA5RAH	Dynabook	dynabook XP/ZA Webオリジナル 型番：W6XPZA5RAH		PC	207680
dynabook_W6GAZY5PCL	Dynabook	dynabook GA/ZY Webオリジナル 型番：W6GAZY5PCL		PC	169180
dynabook_W6XZHY5RCS	Dynabook	dynabook XZ/HY Webオリジナル 型番：W6XZHY5RCS		PC	236280
dynabook_W6XZHW5RAL	Dynabook	dynabook XZ/HW Webオリジナル 型番：W6XZHW5RAL		PC	235400
dynabook_W6GZHY5CAL	Dynabook	dynabook GZ/HY Webオリジナル 型番：W6GZHY5CAL		PC	186780
dynabook_W6GAZY5BBL	Dynabook	dynabook GA/ZY Webオリジナル 型番：W6GAZY5BBL		PC	147180
dynabook_W6GAZY5CBL	Dynabook	dynabook GA/ZY Webオリジナル 型番：W6GAZY5CBL		PC	116380
dynabook_W6GZHY5BAL	Dynabook	dynabook GZ/HY Webオリジナル 型番：W6GZHY5BAL		PC	217580
dynabook_W6XZHY5BBS	Dynabook	dynabook XZ/HY Webオリジナル 型番：W6XZHY5BBS		PC	228580
dynabook_W6XZHY5CBS	Dynabook	dynabook XZ/HY Webオリジナル 型番：W6XZHY5CBS		PC	197780
dynabook_W6VZHW5BAL	Dynabook	dynabook VZ/HW Webオリジナル 型番：W6VZHW5BAL		PC	269280
dynabook_W6XZHY7BAL	Dynabook	dynabook XZ/HY Webオリジナル 型番：W6XZHY7BAL		PC	273680
dynabook_W6XZHY7CAL	Dynabook	dynabook XZ/HY Webオリジナル 型番：W6XZHY7CAL		PC	242880
dynabook_W6GZHY7BBW	Dynabook	dynabook GZ/HY Webオリジナル 型番：W6GZHY7BBW		PC	243980
dynabook_W6VZHW5CAL	Dynabook	dynabook VZ/HW Webオリジナル 型番：W6VZHW5CAL		PC	236280
dynabook_W6SZMX7ECL	Dynabook	dynabook SZ/MX Webオリジナル 型番：W6SZMX7ECL		PC	206580
dynabook_W6XZHW7PBS	Dynabook	dynabook XZ/HW Webオリジナル 型番：W6XZHW7PBS		PC	274780
dynabook_W6SZMX7RBL	Dynabook	dynabook SZ/MX Webオリジナル 型番：W6SZMX7RBL		PC	191180
dynabook_W6SZMX7PBL	Dynabook	dynabook SZ/MX Webオリジナル 型番：W6SZMX7PBL		PC	221980
dynabook_W6SZMX7FCL	Dynabook	dynabook SZ/MX Webオリジナル 型番：W6SZMX7FCL		PC	175780
dynabook_W6GZHY7CBW	Dynabook	dynabook GZ/HY Webオリジナル 型番：W6GZHY7CBW		PC	213180
dynabook_W6XZHW7RBS	Dynabook	dynabook XZ/HW Webオリジナル 型番：W6XZHW7RBS		PC	243980
dynabook_W6RAZY5RAM	Dynabook	dynabook RA/ZY Webオリジナル 型番：W6RAZY5RAM		PC	162580
dynabook_W6PZMY7PAB	Dynabook	dynabook PZ/MY Webオリジナル 型番：W6PZMY7PAB		PC	202180
dynabook_W6PZMY7RAB	Dynabook	dynabook PZ/MY Webオリジナル 型番：W6PZMY7RAB		PC	171380
dynabook_W6BZMX7RAB	Dynabook	dynabook BZ/MX Webオリジナル 型番：W6BZMX7RAB		PC	173580
dynabook_W6BZMX7PAB	Dynabook	dynabook BZ/MX Webオリジナル 型番：W6BZMX7PAB		PC	204380
dynabook_W6RAZY5PAM	Dynabook	dynabook RA/ZY Webオリジナル 型番：W6RAZY5PAM		PC	193380
dynabook_W6AZLY5FBL	Dynabook	dynabook AZ/LY Webオリジナル 型番：W6AZLY5FBL		PC	144980
dynabook_W6RZMW7BAL	Dynabook	dynabook RZ/MW Webオリジナル 型番：W6RZMW7BAL		PC	277200
dynabook_W6AZLY5PCL	Dynabook	dynabook AZ/LY Webオリジナル 型番：W6AZLY5PCL		PC	195580
dynabook_W6RZMX5CBL	Dynabook	dynabook RZ/MX Webオリジナル 型番：W6RZMX5CBL		PC	214280
dynabook_W6RZMW7CAL	Dynabook	dynabook RZ/MW Webオリジナル 型番：W6RZMW7CAL		PC	246400
dynabook_W6RZMX5BBL	Dynabook	dynabook RZ/MX Webオリジナル 型番：W6RZMX5BBL		PC	245080
dynabook_W6KZ2XCUAB	Dynabook	dynabook KZ20/X Webオリジナル 型番：W6KZ2XCUAB		PC	76780
dynabook_W6AZLY5RCL	Dynabook	dynabook AZ/LY Webオリジナル 型番：W6AZLY5RCL		PC	164780
dynabook_W6AZLY5EBL	Dynabook	dynabook AZ/LY Webオリジナル 型番：W6AZLY5EBL		PC	175780
dynabook_W6MZMX7RCL	Dynabook	dynabook MZ/MX Webオリジナル 型番：W6MZMX7RCL		PC	173580
dynabook_W6BAZY5RAH	Dynabook	dynabook BA/ZY Webオリジナル 型番：W6BAZY5RAH		PC	148280
dynabook_W6MZMX7PCL	Dynabook	dynabook MZ/MX Webオリジナル 型番：W6MZMX7PCL		PC	204380
dynabook_W6MZMX7EBL	Dynabook	dynabook MZ/MX Webオリジナル 型番：W6MZMX7EBL		PC	197780
dynabook_W6BAZY5CAH	Dynabook	dynabook BA/ZY Webオリジナル 型番：W6BAZY5CAH		PC	137280
dynabook_W6SZMX5PBL	Dynabook	dynabook SZ/MX Webオリジナル 型番：W6SZMX5PBL		PC	197780
dynabook_W6BAZY5PAH	Dynabook	dynabook BA/ZY Webオリジナル 型番：W6BAZY5PAH		PC	179080
dynabook_W6MZMX7FBL	Dynabook	dynabook MZ/MX Webオリジナル 型番：W6MZMX7FBL		PC	166980
dynabook_W6BAZY5BAH	Dynabook	dynabook BA/ZY Webオリジナル 型番：W6BAZY5BAH		PC	168080
dynabook_W6MZMX7RBL	Dynabook	dynabook MZ/MX Webオリジナル 型番：W6MZMX7RBL		PC	177980
dynabook_W6CZMW7FBS	Dynabook	dynabook CZ/MW Webオリジナル 型番：W6CZMW7FBS		PC	157300
dynabook_W6MZMX7ECL	Dynabook	dynabook MZ/MX Webオリジナル 型番：W6MZMX7ECL		PC	193380
dynabook_W6GZHY5PDL	Dynabook	dynabook GZ/HY Webオリジナル 型番：W6GZHY5PDL		PC	245080
dynabook_W6RZMX5XBL	Dynabook	dynabook RZ/MX Webオリジナル 型番：W6RZMX5XBL		PC	225280
dynabook_W6MZMX7FCL	Dynabook	dynabook MZ/MX Webオリジナル 型番：W6MZMX7FCL		PC	162580
dynabook_W6MZMX7PBL	Dynabook	dynabook MZ/MX Webオリジナル 型番：W6MZMX7PBL		PC	208780
dynabook_W6CZMW7EBS	Dynabook	dynabook CZ/MW Webオリジナル 型番：W6CZMW7EBS		PC	188100
dynabook_W6XZHY7PDL	Dynabook	dynabook XZ/HY Webオリジナル 型番：W6XZHY7PDL		PC	274780
dynabook_W6BZMX7EAB	Dynabook	dynabook BZ/MX Webオリジナル 型番：W6BZMX7EAB		PC	187880
dynabook_W6PZMY7FAB	Dynabook	dynabook PZ/MY Webオリジナル 型番：W6PZMY7FAB		PC	160380
dynabook_W6BZMX7FAB	Dynabook	dynabook BZ/MX Webオリジナル 型番：W6BZMX7FAB		PC	157080
dynabook_W6AZHW7CBG	Dynabook	dynabook AZ/HW Webオリジナル 型番：W6AZHW7CBG		PC	165000
dynabook_W6RZMX5WBL	Dynabook	dynabook RZ/MX Webオリジナル 型番：W6RZMX5WBL		PC	256080
dynabook_W6AZHW7BBG	Dynabook	dynabook AZ/HW Webオリジナル 型番：W6AZHW7BBG		PC	195800
dynabook_W6PZMY7EAB	Dynabook	dynabook PZ/MY Webオリジナル 型番：W6PZMY7EAB		PC	191180
dynabook_W6RAZY5CAM	Dynabook	dynabook RA/ZY Webオリジナル 型番：W6RAZY5CAM		PC	151580
dynabook_W6AZLY5PBL	Dynabook	dynabook AZ/LY Webオリジナル 型番：W6AZLY5PBL		PC	186780
dynabook_W6RAZY5BAM	Dynabook	dynabook RA/ZY Webオリジナル 型番：W6RAZY5BAM		PC	182380
dynabook_W6AZLY5FCL	Dynabook	dynabook AZ/LY Webオリジナル 型番：W6AZLY5FCL		PC	153780
dynabook_W6RZHX7BAL	Dynabook	dynabook RZ/HX Webオリジナル 型番：W6RZHX7BAL		PC	313280
dynabook_W6AZLY5RBL	Dynabook	dynabook AZ/LY Webオリジナル 型番：W6AZLY5RBL		PC	155980
dynabook_W6VZMY7RAL	Dynabook	dynabook VZ/MY Webオリジナル 型番：W6VZMY7RAL		PC	240680
dynabook_W6GRZZ7EBJ	Dynabook	dynabook GR/ZZ Webオリジナル 型番：W6GRZZ7EBJ		PC	221980
dynabook_W6AZLY5ECL	Dynabook	dynabook AZ/LY Webオリジナル 型番：W6AZLY5ECL		PC	184580
dynabook_W6VZMY7PAL	Dynabook	dynabook VZ/MY Webオリジナル 型番：W6VZMY7PAL		PC	271480
dynabook_W6GRZZ7FBJ	Dynabook	dynabook GR/ZZ Webオリジナル 型番：W6GRZZ7FBJ		PC	191180
dynabook_W6XDZA7BAM	Dynabook	dynabook XD/ZA Webオリジナル 型番：W6XDZA7BAM		PC	248380
dynabook_W6PZMX7FAB	Dynabook	dynabook PZ/MX Webオリジナル 型番：W6PZMX7FAB		PC	147180
dynabook_W6XDZA7CAM	Dynabook	dynabook XD/ZA Webオリジナル 型番：W6XDZA7CAM		PC	219780
dynabook_W6RZMY5PBL	Dynabook	dynabook RZ/MY Webオリジナル 型番：W6RZMY5PBL		PC	256080
dynabook_W6PZMX7EAB	Dynabook	dynabook PZ/MX Webオリジナル 型番：W6PZMX7EAB		PC	177980
dynabook_W6MZMY7PBL	Dynabook	dynabook MZ/MY Webオリジナル 型番：W6MZMY7PBL		PC	208780
dynabook_W6MZMY7RBL	Dynabook	dynabook MZ/MY Webオリジナル 型番：W6MZMY7RBL		PC	177980
dynabook_W6SZMX5RBL	Dynabook	dynabook SZ/MX Webオリジナル 型番：W6SZMX5RBL		PC	166980
dynabook_W6RZMY5RBL	Dynabook	dynabook RZ/MY Webオリジナル 型番：W6RZMY5RBL		PC	225280
dynabook_W6RZHX7CAL	Dynabook	dynabook RZ/HX Webオリジナル 型番：W6RZHX7CAL		PC	286880
dynabook_W6AZLY5EAL	Dynabook	dynabook AZ/LY Webオリジナル 型番：W6AZLY5EAL		PC	179080
dynabook_W6RZMW7CBL	Dynabook	dynabook RZ/MW Webオリジナル 型番：W6RZMW7CBL		PC	213400
dynabook_W6AZLY5FAL	Dynabook	dynabook AZ/LY Webオリジナル 型番：W6AZLY5FAL		PC	148280
dynabook_W6RZMW7BBL	Dynabook	dynabook RZ/MW Webオリジナル 型番：W6RZMW7BBL		PC	244200
dynabook_W6RAZY7PAH	Dynabook	dynabook RA/ZY Webオリジナル 型番：W6RAZY7PAH		PC	206580
dynabook_W6MZMY7EBL	Dynabook	dynabook MZ/MY Webオリジナル 型番：W6MZMY7EBL		PC	197780
dynabook_W6AZHW7CAG	Dynabook	dynabook AZ/HW Webオリジナル 型番：W6AZHW7CAG		PC	213400
dynabook_W6RZMW7PBL	Dynabook	dynabook RZ/MW Webオリジナル 型番：W6RZMW7PBL		PC	260700
dynabook_W6AZHW7BAG	Dynabook	dynabook AZ/HW Webオリジナル 型番：W6AZHW7BAG		PC	244200
dynabook_W6SZMY5EAL	Dynabook	dynabook SZ/MY Webオリジナル 型番：W6SZMY5EAL		PC	191180
dynabook_W6AZLY5RAL	Dynabook	dynabook AZ/LY Webオリジナル 型番：W6AZLY5RAL		PC	159280
dynabook_W6MZMY7FBL	Dynabook	dynabook MZ/MY Webオリジナル 型番：W6MZMY7FBL		PC	166980
dynabook_W6RZMW7RBL	Dynabook	dynabook RZ/MW Webオリジナル 型番：W6RZMW7RBL		PC	229900
dynabook_W6GAZY7PBL	Dynabook	dynabook GA/ZY Webオリジナル 型番：W6GAZY7PBL		PC	177980
dynabook_W6RZMY5BBL	Dynabook	dynabook RZ/MY Webオリジナル 型番：W6RZMY5BBL		PC	245080
dynabook_W6RZMW7WBL	Dynabook	dynabook RZ/MW Webオリジナル 型番：W6RZMW7WBL		PC	260700
dynabook_W6RZMY5CBL	Dynabook	dynabook RZ/MY Webオリジナル 型番：W6RZMY5CBL		PC	214280
dynabook_W6KZ2YCUAB	Dynabook	dynabook KZ20/Y Webオリジナル 型番：W6KZ2YCUAB		PC	76780
dynabook_W6AZLY5PAL	Dynabook	dynabook AZ/LY Webオリジナル 型番：W6AZLY5PAL		PC	190080
dynabook_W6GAZY7PCL	Dynabook	dynabook GA/ZY Webオリジナル 型番：W6GAZY7PCL		PC	188980
dynabook_W6GAZY5PDL	Dynabook	dynabook GA/ZY Webオリジナル 型番：W6GAZY5PDL		PC	158180
dynabook_W6XZHY5RDS	Dynabook	dynabook XZ/HY Webオリジナル 型番：W6XZHY5RDS		PC	223080
dynabook_W6RZMW7XBL	Dynabook	dynabook RZ/MW Webオリジナル 型番：W6RZMW7XBL		PC	229900
dynabook_W6PZMX7PAB	Dynabook	dynabook PZ/MX Webオリジナル 型番：W6PZMX7PAB		PC	194480
dynabook_W6CZMW7EAS	Dynabook	dynabook CZ/MW Webオリジナル 型番：W6CZMW7EAS		PC	226600
dynabook_W6VZHY5RAL	Dynabook	dynabook VZ/HY Webオリジナル 型番：W6VZHY5RAL		PC	228580
dynabook_W6GRZZ5EAM	Dynabook	dynabook GR/ZZ Webオリジナル 型番：W6GRZZ5EAM		PC	202180
dynabook_W6VZMY7CAL	Dynabook	dynabook VZ/MY Webオリジナル 型番：W6VZMY7CAL		PC	224180
dynabook_W6CZMW7FAS	Dynabook	dynabook CZ/MW Webオリジナル 型番：W6CZMW7FAS		PC	195800
dynabook_W6GRZZ5FAM	Dynabook	dynabook GR/ZZ Webオリジナル 型番：W6GRZZ5FAM		PC	171380
dynabook_W6XZHY5PDS	Dynabook	dynabook XZ/HY Webオリジナル 型番：W6XZHY5PDS		PC	253880
dynabook_W6PZMX7RAB	Dynabook	dynabook PZ/MX Webオリジナル 型番：W6PZMX7RAB		PC	163680
dynabook_W6XZHW7RAL	Dynabook	dynabook XZ/HW Webオリジナル 型番：W6XZHW7RAL		PC	262900
dynabook_W6VZMY7BAL	Dynabook	dynabook VZ/MY Webオリジナル 型番：W6VZMY7BAL		PC	254980
dynabook_W6GAZY5RDL	Dynabook	dynabook GA/ZY Webオリジナル 型番：W6GAZY5RDL		PC	127380
dynabook_W6XZHW7PAL	Dynabook	dynabook XZ/HW Webオリジナル 型番：W6XZHW7PAL		PC	293700
dynabook_W6SZMY5FAL	Dynabook	dynabook SZ/MY Webオリジナル 型番：W6SZMY5FAL		PC	160380
dynabook_W6VZHY5PAL	Dynabook	dynabook VZ/HY Webオリジナル 型番：W6VZHY5PAL		PC	259380
dynabook_W6XZHY7PCS	Dynabook	dynabook XZ/HY Webオリジナル 型番：W6XZHY7PCS		PC	296780
dynabook_W6SZMY5PAL	Dynabook	dynabook SZ/MY Webオリジナル 型番：W6SZMY5PAL		PC	202180
dynabook_W6RAZY7RAH	Dynabook	dynabook RA/ZY Webオリジナル 型番：W6RAZY7RAH		PC	175780
dynabook_W6AZMY7BAG	Dynabook	dynabook AZ/MY Webオリジナル 型番：W6AZMY7BAG		PC	243980
dynabook_W6GZHY7CAL	Dynabook	dynabook GZ/HY Webオリジナル 型番：W6GZHY7CAL		PC	237380
dynabook_W6GZHY7BAL	Dynabook	dynabook GZ/HY Webオリジナル 型番：W6GZHY7BAL		PC	268180
dynabook_W6GAZY7CBL	Dynabook	dynabook GA/ZY Webオリジナル 型番：W6GAZY7CBL		PC	136180
dynabook_W6AZMY7CAG	Dynabook	dynabook AZ/MY Webオリジナル 型番：W6AZMY7CAG		PC	213180
dynabook_W6GAZY7BBL	Dynabook	dynabook GA/ZY Webオリジナル 型番：W6GAZY7BBL		PC	166980
dynabook_W6GZHY7RAL	Dynabook	dynabook GZ/HY Webオリジナル 型番：W6GZHY7RAL		PC	242880
dynabook_W6GRZY7PBM	Dynabook	dynabook GR/ZY Webオリジナル 型番：W6GRZY7PBM		PC	265980
dynabook_W6XZHY7PBS	Dynabook	dynabook XZ/HY Webオリジナル 型番：W6XZHY7PBS		PC	274780
dynabook_W6GRZY7RBM	Dynabook	dynabook GR/ZY Webオリジナル 型番：W6GRZY7RBM		PC	235180
dynabook_W6XZHY5PBL	Dynabook	dynabook XZ/HY Webオリジナル 型番：W6XZHY5PBL		PC	248380
dynabook_W6XZHW5BAS	Dynabook	dynabook XZ/HW Webオリジナル 型番：W6XZHW5BAS		PC	209880
dynabook_W6XZHW5CAS	Dynabook	dynabook XZ/HW Webオリジナル 型番：W6XZHW5CAS		PC	179080
dynabook_W6GAZY7RBL	Dynabook	dynabook GA/ZY Webオリジナル 型番：W6GAZY7RBL		PC	147180
dynabook_W6SZMX5EAL	Dynabook	dynabook SZ/MX Webオリジナル 型番：W6SZMX5EAL		PC	191180
dynabook_W6SZMX5FAL	Dynabook	dynabook SZ/MX Webオリジナル 型番：W6SZMX5FAL		PC	160380
dynabook_W6XZHY7PAS	Dynabook	dynabook XZ/HY Webオリジナル 型番：W6XZHY7PAS		PC	296780
dynabook_W6XZHY5RBL	Dynabook	dynabook XZ/HY Webオリジナル 型番：W6XZHY5RBL		PC	217580
dynabook_W6GAZY7PAL	Dynabook	dynabook GA/ZY Webオリジナル 型番：W6GAZY7PAL		PC	188980
dynabook_W6GAZY7RAL	Dynabook	dynabook GA/ZY Webオリジナル 型番：W6GAZY7RAL		PC	158180
dynabook_W6XZHW7CAL	Dynabook	dynabook XZ/HW Webオリジナル 型番：W6XZHW7CAL		PC	227480
dynabook_W6XZHY7RAS	Dynabook	dynabook XZ/HY Webオリジナル 型番：W6XZHY7RAS		PC	265980
dynabook_W6SZMY5RBL	Dynabook	dynabook SZ/MY Webオリジナル 型番：W6SZMY5RBL		PC	166980
dynabook_W6SZMY5PBL	Dynabook	dynabook SZ/MY Webオリジナル 型番：W6SZMY5PBL		PC	197780
dynabook_W6AZMY7BCG	Dynabook	dynabook AZ/MY Webオリジナル 型番：W6AZMY7BCG		PC	249480
dynabook_W6GZHY7PBL	Dynabook	dynabook GZ/HY Webオリジナル 型番：W6GZHY7PBL		PC	273680
dynabook_W6GRZZ7FAD	Dynabook	dynabook GR/ZZ Webオリジナル 型番：W6GRZZ7FAD		PC	237380
dynabook_W6AZMY7CCG	Dynabook	dynabook AZ/MY Webオリジナル 型番：W6AZMY7CCG		PC	218680
dynabook_W6GRZZ7EAD	Dynabook	dynabook GR/ZZ Webオリジナル 型番：W6GRZZ7EAD		PC	268180
dynabook_W6XZHW7BBL	Dynabook	dynabook XZ/HW Webオリジナル 型番：W6XZHW7BBL		PC	237380
dynabook_W6VZHY5CAL	Dynabook	dynabook VZ/HY Webオリジナル 型番：W6VZHY5CAL		PC	212080
dynabook_W6SZMY5EBL	Dynabook	dynabook SZ/MY Webオリジナル 型番：W6SZMY5EBL		PC	186780
dynabook_W6XZHW7CBL	Dynabook	dynabook XZ/HW Webオリジナル 型番：W6XZHW7CBL		PC	206580
dynabook_W6GZHY7BBL	Dynabook	dynabook GZ/HY Webオリジナル 型番：W6GZHY7BBL		PC	243980
dynabook_W6SZMY5FBL	Dynabook	dynabook SZ/MY Webオリジナル 型番：W6SZMY5FBL		PC	155980
dynabook_W6AZMY7CBG	Dynabook	dynabook AZ/MY Webオリジナル 型番：W6AZMY7CBG		PC	182380
dynabook_W6GAZY7BAL	Dynabook	dynabook GA/ZY Webオリジナル 型番：W6GAZY7BAL		PC	177980
dynabook_W6AZMY7BBG	Dynabook	dynabook AZ/MY Webオリジナル 型番：W6AZMY7BBG		PC	213180
dynabook_W6VZHY5BAL	Dynabook	dynabook VZ/HY Webオリジナル 型番：W6VZHY5BAL		PC	242880
dynabook_W6XZHY5CBL	Dynabook	dynabook XZ/HY Webオリジナル 型番：W6XZHY5CBL		PC	197780
dynabook_W6GAZY7CAL	Dynabook	dynabook GA/ZY Webオリジナル 型番：W6GAZY7CAL		PC	147180
dynabook_W6GZHY7CBL	Dynabook	dynabook GZ/HY Webオリジナル 型番：W6GZHY7CBL		PC	213180
dynabook_W6GRZZ7EBD	Dynabook	dynabook GR/ZZ Webオリジナル 型番：W6GRZZ7EBD		PC	235180
dynabook_W6XZHW7BAL	Dynabook	dynabook XZ/HW Webオリジナル 型番：W6XZHW7BAL		PC	258280
